{"level":"info","message":"Database connected successfully","service":"blackjack-server","timestamp":"2026-01-21T12:00:54.321Z"}
{"level":"info","message":"WebSocket service initialized","service":"blackjack-server","timestamp":"2026-01-21T12:00:54.327Z"}
{"level":"info","message":"Blackjack server running on port 3001","service":"blackjack-server","timestamp":"2026-01-21T12:00:54.330Z"}
{"level":"info","message":"WebSocket server initialized","service":"blackjack-server","timestamp":"2026-01-21T12:00:54.330Z"}
{"level":"info","message":"Database connected","service":"blackjack-server","timestamp":"2026-01-21T12:00:54.330Z"}
{"level":"info","message":"Database connected successfully","service":"blackjack-server","timestamp":"2026-01-21T12:08:48.502Z"}
{"level":"info","message":"WebSocket service initialized","service":"blackjack-server","timestamp":"2026-01-21T12:08:48.505Z"}
{"level":"info","message":"Blackjack server running on port 3001","service":"blackjack-server","timestamp":"2026-01-21T12:08:48.508Z"}
{"level":"info","message":"WebSocket server initialized","service":"blackjack-server","timestamp":"2026-01-21T12:08:48.508Z"}
{"level":"info","message":"Database connected","service":"blackjack-server","timestamp":"2026-01-21T12:08:48.508Z"}
{"level":"info","message":"Database connected successfully","service":"blackjack-server","timestamp":"2026-01-21T12:21:17.462Z"}
{"level":"info","message":"WebSocket service initialized","service":"blackjack-server","timestamp":"2026-01-21T12:21:17.465Z"}
{"level":"info","message":"Blackjack server running on port 3001","service":"blackjack-server","timestamp":"2026-01-21T12:21:17.467Z"}
{"level":"info","message":"WebSocket server initialized","service":"blackjack-server","timestamp":"2026-01-21T12:21:17.467Z"}
{"level":"info","message":"Database connected","service":"blackjack-server","timestamp":"2026-01-21T12:21:17.468Z"}
{"level":"info","message":"Database connected successfully","service":"blackjack-server","timestamp":"2026-01-21T13:53:51.924Z"}
{"level":"info","message":"WebSocket service initialized","service":"blackjack-server","timestamp":"2026-01-21T13:53:51.926Z"}
{"level":"info","message":"Blackjack server running on port 3001","service":"blackjack-server","timestamp":"2026-01-21T13:53:51.929Z"}
{"level":"info","message":"WebSocket server initialized","service":"blackjack-server","timestamp":"2026-01-21T13:53:51.929Z"}
{"level":"info","message":"Database connected","service":"blackjack-server","timestamp":"2026-01-21T13:53:51.929Z"}
{"level":"info","message":"Database connected successfully","service":"blackjack-server","timestamp":"2026-01-21T13:59:23.506Z"}
{"level":"info","message":"WebSocket service initialized","service":"blackjack-server","timestamp":"2026-01-21T13:59:23.509Z"}
{"level":"info","message":"Blackjack server running on port 3001","service":"blackjack-server","timestamp":"2026-01-21T13:59:23.512Z"}
{"level":"info","message":"WebSocket server initialized","service":"blackjack-server","timestamp":"2026-01-21T13:59:23.513Z"}
{"level":"info","message":"Database connected","service":"blackjack-server","timestamp":"2026-01-21T13:59:23.513Z"}
{"level":"info","message":"Database connected successfully","service":"blackjack-server","timestamp":"2026-01-21T14:01:16.450Z"}
{"level":"info","message":"WebSocket service initialized","service":"blackjack-server","timestamp":"2026-01-21T14:01:16.454Z"}
{"level":"info","message":"Blackjack server running on port 3001","service":"blackjack-server","timestamp":"2026-01-21T14:01:16.458Z"}
{"level":"info","message":"WebSocket server initialized","service":"blackjack-server","timestamp":"2026-01-21T14:01:16.458Z"}
{"level":"info","message":"Database connected","service":"blackjack-server","timestamp":"2026-01-21T14:01:16.458Z"}
{"level":"info","message":"Database connected successfully","service":"blackjack-server","timestamp":"2026-01-21T14:02:54.275Z"}
{"level":"info","message":"WebSocket service initialized","service":"blackjack-server","timestamp":"2026-01-21T14:02:54.277Z"}
{"level":"info","message":"Blackjack server running on port 3001","service":"blackjack-server","timestamp":"2026-01-21T14:02:54.280Z"}
{"level":"info","message":"WebSocket server initialized","service":"blackjack-server","timestamp":"2026-01-21T14:02:54.280Z"}
{"level":"info","message":"Database connected","service":"blackjack-server","timestamp":"2026-01-21T14:02:54.281Z"}
{"level":"info","message":"Database connected successfully","service":"blackjack-server","timestamp":"2026-01-21T14:03:12.901Z"}
{"level":"info","message":"WebSocket service initialized","service":"blackjack-server","timestamp":"2026-01-21T14:03:12.903Z"}
{"level":"info","message":"Blackjack server running on port 3001","service":"blackjack-server","timestamp":"2026-01-21T14:03:12.905Z"}
{"level":"info","message":"WebSocket server initialized","service":"blackjack-server","timestamp":"2026-01-21T14:03:12.905Z"}
{"level":"info","message":"Database connected","service":"blackjack-server","timestamp":"2026-01-21T14:03:12.905Z"}
{"level":"info","message":"Database connected successfully","service":"blackjack-server","timestamp":"2026-01-21T14:05:00.702Z"}
{"level":"info","message":"WebSocket service initialized","service":"blackjack-server","timestamp":"2026-01-21T14:05:00.712Z"}
{"level":"info","message":"Blackjack server running on port 3001","service":"blackjack-server","timestamp":"2026-01-21T14:05:00.717Z"}
{"level":"info","message":"WebSocket server initialized","service":"blackjack-server","timestamp":"2026-01-21T14:05:00.717Z"}
{"level":"info","message":"Database connected","service":"blackjack-server","timestamp":"2026-01-21T14:05:00.717Z"}
{"level":"info","message":"SIGTERM received, shutting down gracefully","service":"blackjack-server","timestamp":"2026-01-21T14:05:29.582Z"}
{"level":"info","message":"Database connected successfully","service":"blackjack-server","timestamp":"2026-01-21T14:06:11.039Z"}
{"level":"info","message":"WebSocket service initialized","service":"blackjack-server","timestamp":"2026-01-21T14:06:11.042Z"}
{"level":"info","message":"Blackjack server running on port 3001","service":"blackjack-server","timestamp":"2026-01-21T14:06:11.046Z"}
{"level":"info","message":"WebSocket server initialized","service":"blackjack-server","timestamp":"2026-01-21T14:06:11.046Z"}
{"level":"info","message":"Database connected","service":"blackjack-server","timestamp":"2026-01-21T14:06:11.046Z"}
{"connectionId":"dba0eae1-67b5-4e83-9cc1-ccf07ec4a3db","level":"info","message":"WebSocket connection established","playerAddress":"0xb6B3b6b3F5605B276B6347bB1cC34c3532362378","playerId":"a5e502f9-51a5-418f-91bb-569cb9ce7e16","service":"blackjack-server","timestamp":"2026-01-21T14:06:37.348Z"}
{"connectionId":"dba0eae1-67b5-4e83-9cc1-ccf07ec4a3db","level":"info","message":"WebSocket connection closed","service":"blackjack-server","timestamp":"2026-01-21T14:08:07.999Z"}
{"connectionId":"e6878115-9d23-4680-a280-f6aaa1c3fb88","level":"info","message":"WebSocket connection established","playerAddress":"0xb6B3b6b3F5605B276B6347bB1cC34c3532362378","playerId":"a5e502f9-51a5-418f-91bb-569cb9ce7e16","service":"blackjack-server","timestamp":"2026-01-21T14:08:09.657Z"}
{"connectionId":"e6878115-9d23-4680-a280-f6aaa1c3fb88","level":"info","message":"WebSocket connection closed","service":"blackjack-server","timestamp":"2026-01-21T14:08:52.411Z"}
{"connectionId":"2b7c9016-d949-4e9e-b627-3c78e4e58944","level":"info","message":"WebSocket connection established","playerAddress":"0xb6B3b6b3F5605B276B6347bB1cC34c3532362378","playerId":"a5e502f9-51a5-418f-91bb-569cb9ce7e16","service":"blackjack-server","timestamp":"2026-01-21T14:08:53.276Z"}
{"connectionId":"2b7c9016-d949-4e9e-b627-3c78e4e58944","level":"info","message":"WebSocket connection closed","service":"blackjack-server","timestamp":"2026-01-21T14:09:57.222Z"}
{"connectionId":"35139793-3a6f-46f7-af23-95ae93bbe6f4","level":"info","message":"WebSocket connection established","playerAddress":"0xb6B3b6b3F5605B276B6347bB1cC34c3532362378","playerId":"a5e502f9-51a5-418f-91bb-569cb9ce7e16","service":"blackjack-server","timestamp":"2026-01-21T14:09:59.124Z"}
{"connectionId":"35139793-3a6f-46f7-af23-95ae93bbe6f4","level":"info","message":"WebSocket connection closed","service":"blackjack-server","timestamp":"2026-01-21T14:10:22.505Z"}
{"connectionId":"a6d587d5-86d8-4f76-9ecb-753f777347c2","level":"info","message":"WebSocket connection established","playerAddress":"0xb6B3b6b3F5605B276B6347bB1cC34c3532362378","playerId":"a5e502f9-51a5-418f-91bb-569cb9ce7e16","service":"blackjack-server","timestamp":"2026-01-21T14:10:23.193Z"}
{"connectionId":"a6d587d5-86d8-4f76-9ecb-753f777347c2","level":"info","message":"WebSocket connection closed","service":"blackjack-server","timestamp":"2026-01-21T14:10:37.275Z"}
{"connectionId":"920421af-b23b-447c-9a85-90111f9f34e2","level":"info","message":"WebSocket connection established","playerAddress":"0xb6B3b6b3F5605B276B6347bB1cC34c3532362378","playerId":"a5e502f9-51a5-418f-91bb-569cb9ce7e16","service":"blackjack-server","timestamp":"2026-01-21T14:10:38.379Z"}
{"connectionId":"920421af-b23b-447c-9a85-90111f9f34e2","level":"info","message":"WebSocket connection closed","service":"blackjack-server","timestamp":"2026-01-21T14:14:21.734Z"}
{"connectionId":"9cd398bc-617c-4b8d-a1eb-f9354ad0a852","level":"info","message":"WebSocket connection established","playerAddress":"0xb6B3b6b3F5605B276B6347bB1cC34c3532362378","playerId":"a5e502f9-51a5-418f-91bb-569cb9ce7e16","service":"blackjack-server","timestamp":"2026-01-21T14:14:22.400Z"}
{"connectionId":"3c0eac7d-bf4c-458c-aea2-13ec90d52e11","level":"info","message":"WebSocket connection established","playerAddress":"0xb6B3b6b3F5605B276B6347bB1cC34c3532362378","playerId":"a5e502f9-51a5-418f-91bb-569cb9ce7e16","service":"blackjack-server","timestamp":"2026-01-21T14:14:22.886Z"}
{"connectionId":"3c0eac7d-bf4c-458c-aea2-13ec90d52e11","level":"info","message":"WebSocket connection closed","service":"blackjack-server","timestamp":"2026-01-21T15:13:33.066Z"}
{"connectionId":"9cd398bc-617c-4b8d-a1eb-f9354ad0a852","level":"info","message":"WebSocket connection closed","service":"blackjack-server","timestamp":"2026-01-21T15:13:33.074Z"}
{"connectionId":"7f4cc37e-73b1-46ab-b3e2-9a8bbe7e0e20","level":"info","message":"WebSocket connection established","playerAddress":"0xb6B3b6b3F5605B276B6347bB1cC34c3532362378","playerId":"a5e502f9-51a5-418f-91bb-569cb9ce7e16","service":"blackjack-server","timestamp":"2026-01-21T15:13:35.129Z"}
{"connectionId":"0c5becf8-2c86-4a83-8cd2-885b408c31f0","level":"info","message":"WebSocket connection established","playerAddress":"0xb6B3b6b3F5605B276B6347bB1cC34c3532362378","playerId":"a5e502f9-51a5-418f-91bb-569cb9ce7e16","service":"blackjack-server","timestamp":"2026-01-21T15:13:36.498Z"}
{"connectionId":"7f4cc37e-73b1-46ab-b3e2-9a8bbe7e0e20","level":"info","message":"WebSocket connection closed","service":"blackjack-server","timestamp":"2026-01-21T15:13:47.027Z"}
{"connectionId":"0c5becf8-2c86-4a83-8cd2-885b408c31f0","level":"info","message":"WebSocket connection closed","service":"blackjack-server","timestamp":"2026-01-21T15:13:47.031Z"}
{"connectionId":"356ce145-fb72-419f-905f-a2f2b7670a9f","level":"info","message":"WebSocket connection established","playerAddress":"0xb6B3b6b3F5605B276B6347bB1cC34c3532362378","playerId":"a5e502f9-51a5-418f-91bb-569cb9ce7e16","service":"blackjack-server","timestamp":"2026-01-21T15:13:48.383Z"}
{"connectionId":"356ce145-fb72-419f-905f-a2f2b7670a9f","level":"info","message":"WebSocket connection closed","service":"blackjack-server","timestamp":"2026-01-21T15:24:58.056Z"}
{"connectionId":"176762b5-8007-4b45-9d64-df2a739eef4e","level":"info","message":"WebSocket connection established","playerAddress":"0xb6B3b6b3F5605B276B6347bB1cC34c3532362378","playerId":"a5e502f9-51a5-418f-91bb-569cb9ce7e16","service":"blackjack-server","timestamp":"2026-01-21T15:24:59.744Z"}
{"connectionId":"176762b5-8007-4b45-9d64-df2a739eef4e","level":"info","message":"WebSocket connection closed","service":"blackjack-server","timestamp":"2026-01-21T15:41:25.461Z"}
{"connectionId":"294b39fc-c6a0-479e-86b2-91d246be1a8d","level":"info","message":"WebSocket connection established","playerAddress":"0xb6B3b6b3F5605B276B6347bB1cC34c3532362378","playerId":"a5e502f9-51a5-418f-91bb-569cb9ce7e16","service":"blackjack-server","timestamp":"2026-01-21T15:41:26.990Z"}
{"level":"info","message":"Database connected successfully","service":"blackjack-server","timestamp":"2026-01-21T17:58:39.828Z"}
{"level":"info","message":"WebSocket service initialized","service":"blackjack-server","timestamp":"2026-01-21T17:58:39.831Z"}
{"level":"info","message":"Blackjack server running on port 3001","service":"blackjack-server","timestamp":"2026-01-21T17:58:39.834Z"}
{"level":"info","message":"WebSocket server initialized","service":"blackjack-server","timestamp":"2026-01-21T17:58:39.834Z"}
{"level":"info","message":"Database connected","service":"blackjack-server","timestamp":"2026-01-21T17:58:39.834Z"}
{"connectionId":"1c0252dd-1e31-45eb-a19d-b2911caa8741","level":"info","message":"WebSocket connection established","playerAddress":"0xb6B3b6b3F5605B276B6347bB1cC34c3532362378","playerId":"a5e502f9-51a5-418f-91bb-569cb9ce7e16","service":"blackjack-server","timestamp":"2026-01-21T17:58:52.419Z"}
{"connectionId":"1c0252dd-1e31-45eb-a19d-b2911caa8741","level":"info","message":"WebSocket connection closed","service":"blackjack-server","timestamp":"2026-01-21T18:00:09.910Z"}
{"connectionId":"d636365b-1bb9-4a7c-861a-711801fad5de","level":"info","message":"WebSocket connection established","playerAddress":"0xb6B3b6b3F5605B276B6347bB1cC34c3532362378","playerId":"a5e502f9-51a5-418f-91bb-569cb9ce7e16","service":"blackjack-server","timestamp":"2026-01-21T18:04:18.063Z"}
{"connectionId":"d636365b-1bb9-4a7c-861a-711801fad5de","level":"info","message":"WebSocket connection closed","service":"blackjack-server","timestamp":"2026-01-21T18:05:07.541Z"}
{"connectionId":"83531fe1-77f0-40b0-98fa-8616344652d7","level":"info","message":"WebSocket connection established","playerAddress":"0xb6B3b6b3F5605B276B6347bB1cC34c3532362378","playerId":"a5e502f9-51a5-418f-91bb-569cb9ce7e16","service":"blackjack-server","timestamp":"2026-01-21T18:05:08.656Z"}
{"connectionId":"83531fe1-77f0-40b0-98fa-8616344652d7","level":"info","message":"WebSocket connection closed","service":"blackjack-server","timestamp":"2026-01-21T18:06:44.379Z"}
{"connectionId":"d9221afa-f841-407d-98bf-327b86c66131","level":"info","message":"WebSocket connection established","playerAddress":"0xb6B3b6b3F5605B276B6347bB1cC34c3532362378","playerId":"a5e502f9-51a5-418f-91bb-569cb9ce7e16","service":"blackjack-server","timestamp":"2026-01-21T18:06:45.543Z"}
{"connectionId":"42cf6c57-4235-4eb8-ba58-6d3a8e336c83","level":"info","message":"WebSocket connection established","playerAddress":"0xC56606BF62611749aD6Bb2a32E2755994C46D7C7","playerId":"adfe4e87-c51f-4ad2-bcfe-7c10b92eacd5","service":"blackjack-server","timestamp":"2026-01-21T18:06:46.687Z"}
{"connectionId":"d9221afa-f841-407d-98bf-327b86c66131","level":"info","message":"WebSocket connection closed","service":"blackjack-server","timestamp":"2026-01-21T18:06:48.801Z"}
{"connectionId":"42cf6c57-4235-4eb8-ba58-6d3a8e336c83","level":"info","message":"WebSocket connection closed","service":"blackjack-server","timestamp":"2026-01-21T18:06:48.821Z"}
{"connectionId":"5197cab9-7150-4aaa-99c0-d0df2616edc4","level":"info","message":"WebSocket connection established","playerAddress":"0xC56606BF62611749aD6Bb2a32E2755994C46D7C7","playerId":"adfe4e87-c51f-4ad2-bcfe-7c10b92eacd5","service":"blackjack-server","timestamp":"2026-01-21T18:06:50.364Z"}
{"connectionId":"5197cab9-7150-4aaa-99c0-d0df2616edc4","level":"info","message":"WebSocket connection closed","service":"blackjack-server","timestamp":"2026-01-21T18:09:10.762Z"}
{"connectionId":"a63528b8-5b83-4985-80e5-6d5ec3c722fe","level":"info","message":"WebSocket connection established","playerAddress":"0xC56606BF62611749aD6Bb2a32E2755994C46D7C7","playerId":"adfe4e87-c51f-4ad2-bcfe-7c10b92eacd5","service":"blackjack-server","timestamp":"2026-01-21T18:09:12.454Z"}
{"connectionId":"a63528b8-5b83-4985-80e5-6d5ec3c722fe","level":"info","message":"WebSocket connection closed","service":"blackjack-server","timestamp":"2026-01-21T18:09:41.505Z"}
{"connectionId":"d79a2207-34f4-44da-af6f-43e716fa5316","level":"info","message":"WebSocket connection established","playerAddress":"0xC56606BF62611749aD6Bb2a32E2755994C46D7C7","playerId":"adfe4e87-c51f-4ad2-bcfe-7c10b92eacd5","service":"blackjack-server","timestamp":"2026-01-21T18:09:43.683Z"}
{"connectionId":"d79a2207-34f4-44da-af6f-43e716fa5316","level":"info","message":"WebSocket connection closed","service":"blackjack-server","timestamp":"2026-01-21T18:18:58.486Z"}
{"connectionId":"6b328087-137a-4361-8399-b77eaebc7bd9","level":"info","message":"WebSocket connection established","playerAddress":"0xC56606BF62611749aD6Bb2a32E2755994C46D7C7","playerId":"adfe4e87-c51f-4ad2-bcfe-7c10b92eacd5","service":"blackjack-server","timestamp":"2026-01-21T18:19:08.093Z"}
{"betAmount":"1000000000000000000","gameId":"8b3ecf60-9a8a-419f-aa8d-bad913a1632e","hands":1,"level":"info","message":"Game created","playerAddress":"0xC56606BF62611749aD6Bb2a32E2755994C46D7C7","service":"blackjack-server","status":"player_turn","timestamp":"2026-01-21T18:26:03.256Z"}
{"level":"error","message":"Error sending WebSocket message: Do not know how to serialize a BigInt","service":"blackjack-server","stack":"TypeError: Do not know how to serialize a BigInt\n    at JSON.stringify (<anonymous>)\n    at WebSocketService.sendMessage (/Users/kyle/MORBlotto/server/dist/services/websocket.service.js:193:30)\n    at WebSocketService.handleCreateGame (/Users/kyle/MORBlotto/server/dist/services/websocket.service.js:122:18)\n    at process.processTicksAndRejections (node:internal/process/task_queues:105:5)\n    at async WebSocketService.handleMessage (/Users/kyle/MORBlotto/server/dist/services/websocket.service.js:91:21)","timestamp":"2026-01-21T18:26:03.258Z"}
{"connectionId":"6b328087-137a-4361-8399-b77eaebc7bd9","level":"info","message":"WebSocket connection closed","service":"blackjack-server","timestamp":"2026-01-21T18:29:04.016Z"}
{"connectionId":"2372702b-3594-4b01-b8ec-72e2fa639e58","level":"info","message":"WebSocket connection established","playerAddress":"0xC56606BF62611749aD6Bb2a32E2755994C46D7C7","playerId":"adfe4e87-c51f-4ad2-bcfe-7c10b92eacd5","service":"blackjack-server","timestamp":"2026-01-21T18:29:05.756Z"}
{"connectionId":"2372702b-3594-4b01-b8ec-72e2fa639e58","level":"info","message":"WebSocket connection closed","service":"blackjack-server","timestamp":"2026-01-21T18:30:15.819Z"}
{"connectionId":"5e2f4fcd-8052-4f22-9e12-b272000cca0c","level":"info","message":"WebSocket connection established","playerAddress":"0xC56606BF62611749aD6Bb2a32E2755994C46D7C7","playerId":"adfe4e87-c51f-4ad2-bcfe-7c10b92eacd5","service":"blackjack-server","timestamp":"2026-01-21T18:30:16.981Z"}
{"betAmount":"2000000000000000000","gameId":"846a56b7-ed53-4ce9-9e8e-29f4e982b94a","hands":1,"level":"info","message":"Game created","playerAddress":"0xC56606BF62611749aD6Bb2a32E2755994C46D7C7","service":"blackjack-server","status":"player_turn","timestamp":"2026-01-21T18:31:18.874Z"}
{"level":"error","message":"Error sending WebSocket message: Do not know how to serialize a BigInt","service":"blackjack-server","stack":"TypeError: Do not know how to serialize a BigInt\n    at JSON.stringify (<anonymous>)\n    at WebSocketService.sendMessage (/Users/kyle/MORBlotto/server/dist/services/websocket.service.js:193:30)\n    at WebSocketService.handleCreateGame (/Users/kyle/MORBlotto/server/dist/services/websocket.service.js:122:18)\n    at process.processTicksAndRejections (node:internal/process/task_queues:105:5)\n    at async WebSocketService.handleMessage (/Users/kyle/MORBlotto/server/dist/services/websocket.service.js:91:21)","timestamp":"2026-01-21T18:31:18.875Z"}
{"code":"22003","file":"numutils.c","length":163,"level":"error","line":"872","message":"Error creating game: value \"100000000000000000000\" is out of range for type bigint","name":"error","routine":"pg_strtoint64_safe","service":"blackjack-server","severity":"ERROR","stack":"error: value \"100000000000000000000\" is out of range for type bigint\n    at /Users/kyle/MORBlotto/server/node_modules/pg-pool/index.js:45:11\n    at process.processTicksAndRejections (node:internal/process/task_queues:105:5)\n    at async DatabaseService.createGame (/Users/kyle/MORBlotto/server/dist/services/database.service.js:163:24)\n    at async BlackjackGameService.createGame (/Users/kyle/MORBlotto/server/dist/services/blackjack-game.service.js:81:26)\n    at async WebSocketService.handleCreateGame (/Users/kyle/MORBlotto/server/dist/services/websocket.service.js:117:31)\n    at async WebSocketService.handleMessage (/Users/kyle/MORBlotto/server/dist/services/websocket.service.js:91:21)","timestamp":"2026-01-21T18:32:44.933Z","where":"unnamed portal parameter $3 = '...'"}
{"level":"error","message":"Error creating game: Failed to create game","service":"blackjack-server","stack":"Error: Failed to create game\n    at BlackjackGameService.createGame (/Users/kyle/MORBlotto/server/dist/services/blackjack-game.service.js:137:19)\n    at process.processTicksAndRejections (node:internal/process/task_queues:105:5)\n    at async WebSocketService.handleCreateGame (/Users/kyle/MORBlotto/server/dist/services/websocket.service.js:117:31)\n    at async WebSocketService.handleMessage (/Users/kyle/MORBlotto/server/dist/services/websocket.service.js:91:21)","timestamp":"2026-01-21T18:32:44.934Z"}
{"code":"22003","file":"numutils.c","length":163,"level":"error","line":"872","message":"Error creating game: value \"100000000000000000000\" is out of range for type bigint","name":"error","routine":"pg_strtoint64_safe","service":"blackjack-server","severity":"ERROR","stack":"error: value \"100000000000000000000\" is out of range for type bigint\n    at /Users/kyle/MORBlotto/server/node_modules/pg-pool/index.js:45:11\n    at process.processTicksAndRejections (node:internal/process/task_queues:105:5)\n    at async DatabaseService.createGame (/Users/kyle/MORBlotto/server/dist/services/database.service.js:163:24)\n    at async BlackjackGameService.createGame (/Users/kyle/MORBlotto/server/dist/services/blackjack-game.service.js:81:26)\n    at async WebSocketService.handleCreateGame (/Users/kyle/MORBlotto/server/dist/services/websocket.service.js:117:31)\n    at async WebSocketService.handleMessage (/Users/kyle/MORBlotto/server/dist/services/websocket.service.js:91:21)","timestamp":"2026-01-21T18:36:18.865Z","where":"unnamed portal parameter $3 = '...'"}
{"level":"error","message":"Error creating game: Failed to create game","service":"blackjack-server","stack":"Error: Failed to create game\n    at BlackjackGameService.createGame (/Users/kyle/MORBlotto/server/dist/services/blackjack-game.service.js:137:19)\n    at process.processTicksAndRejections (node:internal/process/task_queues:105:5)\n    at async WebSocketService.handleCreateGame (/Users/kyle/MORBlotto/server/dist/services/websocket.service.js:117:31)\n    at async WebSocketService.handleMessage (/Users/kyle/MORBlotto/server/dist/services/websocket.service.js:91:21)","timestamp":"2026-01-21T18:36:18.875Z"}
{"level":"info","message":"Database connected successfully","service":"blackjack-server","timestamp":"2026-01-21T18:36:40.452Z"}
{"level":"info","message":"WebSocket service initialized","service":"blackjack-server","timestamp":"2026-01-21T18:36:40.456Z"}
{"level":"info","message":"Blackjack server running on port 3001","service":"blackjack-server","timestamp":"2026-01-21T18:36:40.460Z"}
{"level":"info","message":"WebSocket server initialized","service":"blackjack-server","timestamp":"2026-01-21T18:36:40.460Z"}
{"level":"info","message":"Database connected","service":"blackjack-server","timestamp":"2026-01-21T18:36:40.461Z"}
{"connectionId":"585e79e2-3b3c-4950-a64b-2c75a91e437d","level":"info","message":"WebSocket connection established","playerAddress":"0xC56606BF62611749aD6Bb2a32E2755994C46D7C7","playerId":"adfe4e87-c51f-4ad2-bcfe-7c10b92eacd5","service":"blackjack-server","timestamp":"2026-01-21T18:36:44.733Z"}
{"connectionId":"585e79e2-3b3c-4950-a64b-2c75a91e437d","level":"info","message":"WebSocket connection closed","service":"blackjack-server","timestamp":"2026-01-21T18:36:57.884Z"}
{"connectionId":"2435a6b1-63f8-4df4-830e-0d9949175413","level":"info","message":"WebSocket connection established","playerAddress":"0xC56606BF62611749aD6Bb2a32E2755994C46D7C7","playerId":"adfe4e87-c51f-4ad2-bcfe-7c10b92eacd5","service":"blackjack-server","timestamp":"2026-01-21T18:36:59.776Z"}
{"code":"22003","file":"numutils.c","length":163,"level":"error","line":"872","message":"Error creating game: value \"100000000000000000000\" is out of range for type bigint","name":"error","routine":"pg_strtoint64_safe","service":"blackjack-server","severity":"ERROR","stack":"error: value \"100000000000000000000\" is out of range for type bigint\n    at /Users/kyle/MORBlotto/server/node_modules/pg-pool/index.js:45:11\n    at process.processTicksAndRejections (node:internal/process/task_queues:105:5)\n    at async DatabaseService.createGame (/Users/kyle/MORBlotto/server/dist/services/database.service.js:163:24)\n    at async BlackjackGameService.createGame (/Users/kyle/MORBlotto/server/dist/services/blackjack-game.service.js:81:26)\n    at async WebSocketService.handleCreateGame (/Users/kyle/MORBlotto/server/dist/services/websocket.service.js:117:31)\n    at async WebSocketService.handleMessage (/Users/kyle/MORBlotto/server/dist/services/websocket.service.js:91:21)","timestamp":"2026-01-21T18:37:16.545Z","where":"unnamed portal parameter $3 = '...'"}
{"level":"error","message":"Error creating game: Failed to create game","service":"blackjack-server","stack":"Error: Failed to create game\n    at BlackjackGameService.createGame (/Users/kyle/MORBlotto/server/dist/services/blackjack-game.service.js:137:19)\n    at process.processTicksAndRejections (node:internal/process/task_queues:105:5)\n    at async WebSocketService.handleCreateGame (/Users/kyle/MORBlotto/server/dist/services/websocket.service.js:117:31)\n    at async WebSocketService.handleMessage (/Users/kyle/MORBlotto/server/dist/services/websocket.service.js:91:21)","timestamp":"2026-01-21T18:37:16.545Z"}
{"code":"22003","file":"numutils.c","length":163,"level":"error","line":"872","message":"Error creating game: value \"100000000000000000000\" is out of range for type bigint","name":"error","routine":"pg_strtoint64_safe","service":"blackjack-server","severity":"ERROR","stack":"error: value \"100000000000000000000\" is out of range for type bigint\n    at /Users/kyle/MORBlotto/server/node_modules/pg-pool/index.js:45:11\n    at process.processTicksAndRejections (node:internal/process/task_queues:105:5)\n    at async DatabaseService.createGame (/Users/kyle/MORBlotto/server/dist/services/database.service.js:163:24)\n    at async BlackjackGameService.createGame (/Users/kyle/MORBlotto/server/dist/services/blackjack-game.service.js:81:26)\n    at async WebSocketService.handleCreateGame (/Users/kyle/MORBlotto/server/dist/services/websocket.service.js:117:31)\n    at async WebSocketService.handleMessage (/Users/kyle/MORBlotto/server/dist/services/websocket.service.js:91:21)","timestamp":"2026-01-21T18:41:07.462Z","where":"unnamed portal parameter $3 = '...'"}
{"level":"error","message":"Error creating game: Failed to create game","service":"blackjack-server","stack":"Error: Failed to create game\n    at BlackjackGameService.createGame (/Users/kyle/MORBlotto/server/dist/services/blackjack-game.service.js:137:19)\n    at process.processTicksAndRejections (node:internal/process/task_queues:105:5)\n    at async WebSocketService.handleCreateGame (/Users/kyle/MORBlotto/server/dist/services/websocket.service.js:117:31)\n    at async WebSocketService.handleMessage (/Users/kyle/MORBlotto/server/dist/services/websocket.service.js:91:21)","timestamp":"2026-01-21T18:41:07.469Z"}
{"connectionId":"2435a6b1-63f8-4df4-830e-0d9949175413","level":"info","message":"WebSocket connection closed","service":"blackjack-server","timestamp":"2026-01-21T18:41:29.755Z"}
{"connectionId":"2bae74be-c564-4532-ac48-696325a79768","level":"info","message":"WebSocket connection established","playerAddress":"0xC56606BF62611749aD6Bb2a32E2755994C46D7C7","playerId":"adfe4e87-c51f-4ad2-bcfe-7c10b92eacd5","service":"blackjack-server","timestamp":"2026-01-21T18:41:31.435Z"}
{"code":"22003","file":"numutils.c","length":163,"level":"error","line":"872","message":"Error creating game: value \"100000000000000000000\" is out of range for type bigint","name":"error","routine":"pg_strtoint64_safe","service":"blackjack-server","severity":"ERROR","stack":"error: value \"100000000000000000000\" is out of range for type bigint\n    at /Users/kyle/MORBlotto/server/node_modules/pg-pool/index.js:45:11\n    at process.processTicksAndRejections (node:internal/process/task_queues:105:5)\n    at async DatabaseService.createGame (/Users/kyle/MORBlotto/server/dist/services/database.service.js:163:24)\n    at async BlackjackGameService.createGame (/Users/kyle/MORBlotto/server/dist/services/blackjack-game.service.js:81:26)\n    at async WebSocketService.handleCreateGame (/Users/kyle/MORBlotto/server/dist/services/websocket.service.js:117:31)\n    at async WebSocketService.handleMessage (/Users/kyle/MORBlotto/server/dist/services/websocket.service.js:91:21)","timestamp":"2026-01-21T18:41:48.398Z","where":"unnamed portal parameter $3 = '...'"}
{"level":"error","message":"Error creating game: Failed to create game","service":"blackjack-server","stack":"Error: Failed to create game\n    at BlackjackGameService.createGame (/Users/kyle/MORBlotto/server/dist/services/blackjack-game.service.js:137:19)\n    at process.processTicksAndRejections (node:internal/process/task_queues:105:5)\n    at async WebSocketService.handleCreateGame (/Users/kyle/MORBlotto/server/dist/services/websocket.service.js:117:31)\n    at async WebSocketService.handleMessage (/Users/kyle/MORBlotto/server/dist/services/websocket.service.js:91:21)","timestamp":"2026-01-21T18:41:48.399Z"}
{"connectionId":"a3208ecc-da6a-4dfe-a16e-a78167f6e94d","level":"info","message":"WebSocket connection established","playerAddress":"0xC56606BF62611749aD6Bb2a32E2755994C46D7C7","playerId":"adfe4e87-c51f-4ad2-bcfe-7c10b92eacd5","service":"blackjack-server","timestamp":"2026-01-21T19:04:55.054Z"}
{"connectionId":"63566930-efe5-4bcb-bef5-b9d696217bba","level":"info","message":"WebSocket connection established","playerAddress":"0xC56606BF62611749aD6Bb2a32E2755994C46D7C7","playerId":"adfe4e87-c51f-4ad2-bcfe-7c10b92eacd5","service":"blackjack-server","timestamp":"2026-01-21T19:05:35.938Z"}
{"connectionId":"3ae80071-8b71-4f82-a79f-035b4466cf77","level":"info","message":"WebSocket connection established","playerAddress":"0xC56606BF62611749aD6Bb2a32E2755994C46D7C7","playerId":"adfe4e87-c51f-4ad2-bcfe-7c10b92eacd5","service":"blackjack-server","timestamp":"2026-01-21T19:05:40.974Z"}
{"connectionId":"96e05979-aa90-4187-b168-92743808266e","level":"info","message":"WebSocket connection established","playerAddress":"0xC56606BF62611749aD6Bb2a32E2755994C46D7C7","playerId":"adfe4e87-c51f-4ad2-bcfe-7c10b92eacd5","service":"blackjack-server","timestamp":"2026-01-21T19:08:34.223Z"}
{"level":"info","message":"Database connected successfully","service":"blackjack-server","timestamp":"2026-01-21T19:26:14.680Z"}
{"level":"info","message":"WebSocket service initialized","service":"blackjack-server","timestamp":"2026-01-21T19:26:14.683Z"}
{"level":"info","message":"Blackjack server running on port 3001","service":"blackjack-server","timestamp":"2026-01-21T19:26:14.686Z"}
{"level":"info","message":"WebSocket server initialized","service":"blackjack-server","timestamp":"2026-01-21T19:26:14.686Z"}
{"level":"info","message":"Database connected","service":"blackjack-server","timestamp":"2026-01-21T19:26:14.686Z"}
{"connectionId":"fff1a28c-8fe3-457b-997e-6cd14fb3ebb9","level":"info","message":"WebSocket connection established","playerAddress":"0xC56606BF62611749aD6Bb2a32E2755994C46D7C7","playerId":"adfe4e87-c51f-4ad2-bcfe-7c10b92eacd5","service":"blackjack-server","timestamp":"2026-01-21T19:26:20.556Z"}
{"connectionId":"bf9e1cae-3027-4e40-87c2-1f09db4690c5","level":"info","message":"WebSocket connection established","playerAddress":"0xC56606BF62611749aD6Bb2a32E2755994C46D7C7","playerId":"adfe4e87-c51f-4ad2-bcfe-7c10b92eacd5","service":"blackjack-server","timestamp":"2026-01-21T19:26:21.201Z"}
{"connectionId":"346e4037-800a-4df5-bf5f-fb29f2dd5f9a","level":"info","message":"WebSocket connection established","playerAddress":"0xC56606BF62611749aD6Bb2a32E2755994C46D7C7","playerId":"adfe4e87-c51f-4ad2-bcfe-7c10b92eacd5","service":"blackjack-server","timestamp":"2026-01-21T19:26:22.635Z"}
{"connectionId":"31ad6b9b-462e-438f-9403-b056c9c072a2","level":"info","message":"WebSocket connection established","playerAddress":"0xC56606BF62611749aD6Bb2a32E2755994C46D7C7","playerId":"adfe4e87-c51f-4ad2-bcfe-7c10b92eacd5","service":"blackjack-server","timestamp":"2026-01-21T19:26:22.804Z"}
{"connectionId":"5a718012-c234-45d6-826d-ccd95b68def9","level":"info","message":"WebSocket connection established","playerAddress":"0xC56606BF62611749aD6Bb2a32E2755994C46D7C7","playerId":"adfe4e87-c51f-4ad2-bcfe-7c10b92eacd5","service":"blackjack-server","timestamp":"2026-01-21T19:26:25.030Z"}
{"connectionId":"5a718012-c234-45d6-826d-ccd95b68def9","level":"info","message":"WebSocket connection closed","service":"blackjack-server","timestamp":"2026-01-21T19:26:37.447Z"}
{"connectionId":"31ad6b9b-462e-438f-9403-b056c9c072a2","level":"info","message":"WebSocket connection closed","service":"blackjack-server","timestamp":"2026-01-21T19:26:37.454Z"}
{"connectionId":"bf9e1cae-3027-4e40-87c2-1f09db4690c5","level":"info","message":"WebSocket connection closed","service":"blackjack-server","timestamp":"2026-01-21T19:26:37.455Z"}
{"connectionId":"346e4037-800a-4df5-bf5f-fb29f2dd5f9a","level":"info","message":"WebSocket connection closed","service":"blackjack-server","timestamp":"2026-01-21T19:26:37.457Z"}
{"connectionId":"fff1a28c-8fe3-457b-997e-6cd14fb3ebb9","level":"info","message":"WebSocket connection closed","service":"blackjack-server","timestamp":"2026-01-21T19:26:37.457Z"}
{"connectionId":"6184dd00-dfa6-4f39-b282-1b2ebf9be476","level":"info","message":"WebSocket connection established","playerAddress":"0xC56606BF62611749aD6Bb2a32E2755994C46D7C7","playerId":"adfe4e87-c51f-4ad2-bcfe-7c10b92eacd5","service":"blackjack-server","timestamp":"2026-01-21T19:26:40.970Z"}
{"level":"info","message":"Database connected successfully","service":"blackjack-server","timestamp":"2026-01-21T19:36:29.376Z"}
{"level":"info","message":"WebSocket service initialized","service":"blackjack-server","timestamp":"2026-01-21T19:36:29.379Z"}
{"level":"info","message":"Blackjack server running on port 3001","service":"blackjack-server","timestamp":"2026-01-21T19:36:29.381Z"}
{"level":"info","message":"WebSocket server initialized","service":"blackjack-server","timestamp":"2026-01-21T19:36:29.382Z"}
{"level":"info","message":"Database connected","service":"blackjack-server","timestamp":"2026-01-21T19:36:29.382Z"}
{"connectionId":"d10ea300-0510-4a6b-8378-6eb488129522","level":"info","message":"WebSocket connection established","playerAddress":"0xC56606BF62611749aD6Bb2a32E2755994C46D7C7","playerId":"adfe4e87-c51f-4ad2-bcfe-7c10b92eacd5","service":"blackjack-server","timestamp":"2026-01-21T19:36:31.115Z"}
{"connectionId":"d10ea300-0510-4a6b-8378-6eb488129522","level":"info","message":"WebSocket connection closed","service":"blackjack-server","timestamp":"2026-01-21T19:36:38.465Z"}
{"connectionId":"55f498a1-947c-447f-b9bb-8abf6ebd1ff3","level":"info","message":"WebSocket connection established","playerAddress":"0xC56606BF62611749aD6Bb2a32E2755994C46D7C7","playerId":"adfe4e87-c51f-4ad2-bcfe-7c10b92eacd5","service":"blackjack-server","timestamp":"2026-01-21T19:36:40.149Z"}
{"betAmount":"100000000000000000000","expected":"2ec7def34576178775adac0402a7057df8c59cc0ad6f0258ddd3e5cc47a4eb85","level":"warn","message":"Game hash mismatch","received":"7626bb30b177613fb7f1cf0acb4da167d7d7e2eb307128f2d78b8e4cfd3184ad","seeds":{"clientSeed":"e58bc3cc951800e293e176b58194de57","nonce":1,"serverSeed":"d3249470e24e7b00b9806b4d7d6d5b21b3251c65506bff7415a50ec48efd89a6"},"service":"blackjack-server","timestamp":1769024239}
{"code":"22003","file":"numeric.c","length":88,"level":"error","line":"4541","message":"Error creating game: bigint out of range","name":"error","routine":"numeric_int8_opt_error","service":"blackjack-server","severity":"ERROR","stack":"error: bigint out of range\n    at /Users/kyle/MORBlotto/server/node_modules/pg-pool/index.js:45:11\n    at process.processTicksAndRejections (node:internal/process/task_queues:105:5)\n    at async DatabaseService.createGame (/Users/kyle/MORBlotto/server/dist/services/database.service.js:163:24)\n    at async BlackjackGameService.createGame (/Users/kyle/MORBlotto/server/dist/services/blackjack-game.service.js:107:26)\n    at async WebSocketService.handleCreateGame (/Users/kyle/MORBlotto/server/dist/services/websocket.service.js:179:31)\n    at async WebSocketService.handleMessage (/Users/kyle/MORBlotto/server/dist/services/websocket.service.js:94:21)","timestamp":"2026-01-21T19:37:19.497Z"}
{"error":{},"errorMessage":"Failed to create game: bigint out of range","errorStack":"Error: Failed to create game: bigint out of range\n    at BlackjackGameService.createGame (/Users/kyle/MORBlotto/server/dist/services/blackjack-game.service.js:164:19)\n    at process.processTicksAndRejections (node:internal/process/task_queues:105:5)\n    at async WebSocketService.handleCreateGame (/Users/kyle/MORBlotto/server/dist/services/websocket.service.js:179:31)\n    at async WebSocketService.handleMessage (/Users/kyle/MORBlotto/server/dist/services/websocket.service.js:94:21)","level":"error","message":"Error creating game:","payload":{"betAmount":"100000000000000000000","clientSeedCommitment":"e58bc3cc951800e293e176b58194de57","gameHash":"0x7626bb30b177613fb7f1cf0acb4da167d7d7e2eb307128f2d78b8e4cfd3184ad"},"playerAddress":"0xC56606BF62611749aD6Bb2a32E2755994C46D7C7","requestId":"wwulf8","service":"blackjack-server","timestamp":"2026-01-21T19:37:19.497Z"}
{"connectionId":"55f498a1-947c-447f-b9bb-8abf6ebd1ff3","level":"info","message":"WebSocket connection closed","service":"blackjack-server","timestamp":"2026-01-21T20:04:45.392Z"}
{"level":"info","message":"Database connected successfully","service":"blackjack-server","timestamp":"2026-01-21T20:24:22.466Z"}
{"level":"info","message":"WebSocket service initialized","service":"blackjack-server","timestamp":"2026-01-21T20:24:22.471Z"}
{"level":"info","message":"Blackjack server running on port 3001","service":"blackjack-server","timestamp":"2026-01-21T20:24:22.475Z"}
{"level":"info","message":"WebSocket server initialized","service":"blackjack-server","timestamp":"2026-01-21T20:24:22.476Z"}
{"level":"info","message":"Database connected","service":"blackjack-server","timestamp":"2026-01-21T20:24:22.476Z"}
{"level":"info","message":"Database connected successfully","service":"blackjack-server","timestamp":"2026-01-21T20:43:06.985Z"}
{"connectionId":"4010f032-3150-47dc-bcd9-1cc8a6b23a71","level":"info","message":"WebSocket connection established","playerAddress":"0xC56606BF62611749aD6Bb2a32E2755994C46D7C7","playerId":"adfe4e87-c51f-4ad2-bcfe-7c10b92eacd5","service":"blackjack-server","timestamp":"2026-01-21T20:44:55.139Z"}
{"connectionId":"4010f032-3150-47dc-bcd9-1cc8a6b23a71","level":"info","message":"WebSocket connection closed","service":"blackjack-server","timestamp":"2026-01-21T20:45:52.824Z"}
{"connectionId":"ceaee08c-ef75-46ff-88f5-ce0a5b3764d0","level":"info","message":"WebSocket connection established","playerAddress":"0xC56606BF62611749aD6Bb2a32E2755994C46D7C7","playerId":"adfe4e87-c51f-4ad2-bcfe-7c10b92eacd5","service":"blackjack-server","timestamp":"2026-01-21T20:45:55.301Z"}
{"connectionId":"ceaee08c-ef75-46ff-88f5-ce0a5b3764d0","level":"info","message":"WebSocket connection closed","service":"blackjack-server","timestamp":"2026-01-21T20:46:39.911Z"}
{"connectionId":"ee8a49df-e143-485c-a66f-2b681d756af9","level":"info","message":"WebSocket connection established","playerAddress":"0xC56606BF62611749aD6Bb2a32E2755994C46D7C7","playerId":"adfe4e87-c51f-4ad2-bcfe-7c10b92eacd5","service":"blackjack-server","timestamp":"2026-01-21T20:47:23.675Z"}
{"connectionId":"ee8a49df-e143-485c-a66f-2b681d756af9","level":"info","message":"WebSocket connection closed","service":"blackjack-server","timestamp":"2026-01-21T20:47:36.425Z"}
{"connectionId":"47fa75f7-55a1-46d3-99bd-8512368af3ad","level":"info","message":"WebSocket connection established","playerAddress":"0xC56606BF62611749aD6Bb2a32E2755994C46D7C7","playerId":"adfe4e87-c51f-4ad2-bcfe-7c10b92eacd5","service":"blackjack-server","timestamp":"2026-01-21T20:47:38.788Z"}
{"connectionId":"47fa75f7-55a1-46d3-99bd-8512368af3ad","level":"info","message":"WebSocket connection closed","service":"blackjack-server","timestamp":"2026-01-21T20:47:54.512Z"}
{"connectionId":"b8040d6a-a4be-4472-bd48-d130c40a2a0b","level":"info","message":"WebSocket connection established","playerAddress":"0xb6B3b6b3F5605B276B6347bB1cC34c3532362378","playerId":"a5e502f9-51a5-418f-91bb-569cb9ce7e16","service":"blackjack-server","timestamp":"2026-01-21T20:49:05.496Z"}
{"code":"22003","file":"numeric.c","length":88,"level":"error","line":"4541","message":"Error creating game: bigint out of range","name":"error","routine":"numeric_int8_opt_error","service":"blackjack-server","severity":"ERROR","stack":"error: bigint out of range\n    at /Users/kyle/MORBlotto/server/node_modules/pg-pool/index.js:45:11\n    at process.processTicksAndRejections (node:internal/process/task_queues:105:5)\n    at async DatabaseService.createGame (/Users/kyle/MORBlotto/server/dist/services/database.service.js:216:24)\n    at async BlackjackGameService.createGame (/Users/kyle/MORBlotto/server/dist/services/blackjack-game.service.js:113:26)\n    at async WebSocketService.handleCreateGame (/Users/kyle/MORBlotto/server/dist/services/websocket.service.js:207:31)\n    at async WebSocketService.handleMessage (/Users/kyle/MORBlotto/server/dist/services/websocket.service.js:105:21)","timestamp":"2026-01-21T20:50:29.976Z"}
{"error":{},"errorMessage":"Failed to create game: bigint out of range","errorStack":"Error: Failed to create game: bigint out of range\n    at BlackjackGameService.createGame (/Users/kyle/MORBlotto/server/dist/services/blackjack-game.service.js:178:19)\n    at process.processTicksAndRejections (node:internal/process/task_queues:105:5)\n    at async WebSocketService.handleCreateGame (/Users/kyle/MORBlotto/server/dist/services/websocket.service.js:207:31)\n    at async WebSocketService.handleMessage (/Users/kyle/MORBlotto/server/dist/services/websocket.service.js:105:21)","level":"error","message":"Error creating game:","payload":{"betAmount":"100000000000000000000","clientSeedCommitment":"1f7057380dc0415b7e16374b2a53600f","gameHash":"0xecba68cc8365f516f6ede229adf449dfee8ec88bbde40f04460a3ec1817571b5"},"playerAddress":"0xb6B3b6b3F5605B276B6347bB1cC34c3532362378","requestId":"9xgbor","service":"blackjack-server","timestamp":"2026-01-21T20:50:29.978Z"}
{"level":"info","message":"Database connected successfully","service":"blackjack-server","timestamp":"2026-01-21T20:56:59.674Z"}
{"level":"info","message":"WebSocket service initialized","service":"blackjack-server","timestamp":"2026-01-21T20:56:59.680Z"}
{"level":"info","message":"Blackjack server running on port 3001","service":"blackjack-server","timestamp":"2026-01-21T20:56:59.685Z"}
{"level":"info","message":"WebSocket server initialized","service":"blackjack-server","timestamp":"2026-01-21T20:56:59.685Z"}
{"level":"info","message":"Database connected","service":"blackjack-server","timestamp":"2026-01-21T20:56:59.685Z"}
{"connectionId":"b8c81042-2e21-4239-ab5b-4f966654bd51","level":"info","message":"WebSocket connection established","playerAddress":"0xb6B3b6b3F5605B276B6347bB1cC34c3532362378","playerId":"a5e502f9-51a5-418f-91bb-569cb9ce7e16","service":"blackjack-server","timestamp":"2026-01-21T20:57:01.900Z"}
{"level":"error","message":"Error fetching enhanced player stats: Do not know how to serialize a BigInt","service":"blackjack-server","stack":"TypeError: Do not know how to serialize a BigInt\n    at JSON.stringify (<anonymous>)\n    at stringify (/Users/kyle/MORBlotto/server/node_modules/express/lib/response.js:1160:12)\n    at ServerResponse.json (/Users/kyle/MORBlotto/server/node_modules/express/lib/response.js:271:14)\n    at /Users/kyle/MORBlotto/server/dist/server.js:82:21\n    at process.processTicksAndRejections (node:internal/process/task_queues:105:5)","timestamp":"2026-01-21T20:57:06.379Z"}
{"level":"error","message":"Error fetching enhanced player stats: Do not know how to serialize a BigInt","service":"blackjack-server","stack":"TypeError: Do not know how to serialize a BigInt\n    at JSON.stringify (<anonymous>)\n    at stringify (/Users/kyle/MORBlotto/server/node_modules/express/lib/response.js:1160:12)\n    at ServerResponse.json (/Users/kyle/MORBlotto/server/node_modules/express/lib/response.js:271:14)\n    at /Users/kyle/MORBlotto/server/dist/server.js:82:21\n    at process.processTicksAndRejections (node:internal/process/task_queues:105:5)","timestamp":"2026-01-21T20:57:07.439Z"}
{"level":"error","message":"Error fetching enhanced player stats: Do not know how to serialize a BigInt","service":"blackjack-server","stack":"TypeError: Do not know how to serialize a BigInt\n    at JSON.stringify (<anonymous>)\n    at stringify (/Users/kyle/MORBlotto/server/node_modules/express/lib/response.js:1160:12)\n    at ServerResponse.json (/Users/kyle/MORBlotto/server/node_modules/express/lib/response.js:271:14)\n    at /Users/kyle/MORBlotto/server/dist/server.js:82:21\n    at process.processTicksAndRejections (node:internal/process/task_queues:105:5)","timestamp":"2026-01-21T20:57:09.482Z"}
{"level":"error","message":"Error fetching enhanced player stats: Do not know how to serialize a BigInt","service":"blackjack-server","stack":"TypeError: Do not know how to serialize a BigInt\n    at JSON.stringify (<anonymous>)\n    at stringify (/Users/kyle/MORBlotto/server/node_modules/express/lib/response.js:1160:12)\n    at ServerResponse.json (/Users/kyle/MORBlotto/server/node_modules/express/lib/response.js:271:14)\n    at /Users/kyle/MORBlotto/server/dist/server.js:82:21\n    at process.processTicksAndRejections (node:internal/process/task_queues:105:5)","timestamp":"2026-01-21T20:57:13.531Z"}
{"connectionId":"b8c81042-2e21-4239-ab5b-4f966654bd51","level":"info","message":"WebSocket connection closed","service":"blackjack-server","timestamp":"2026-01-21T20:57:19.931Z"}
{"level":"error","message":"Error fetching global analytics: Do not know how to serialize a BigInt","service":"blackjack-server","stack":"TypeError: Do not know how to serialize a BigInt\n    at JSON.stringify (<anonymous>)\n    at stringify (/Users/kyle/MORBlotto/server/node_modules/express/lib/response.js:1160:12)\n    at ServerResponse.json (/Users/kyle/MORBlotto/server/node_modules/express/lib/response.js:271:14)\n    at /Users/kyle/MORBlotto/server/dist/server.js:93:21\n    at process.processTicksAndRejections (node:internal/process/task_queues:105:5)","timestamp":"2026-01-21T20:57:20.525Z"}
{"level":"error","message":"Error fetching enhanced player stats: Do not know how to serialize a BigInt","service":"blackjack-server","stack":"TypeError: Do not know how to serialize a BigInt\n    at JSON.stringify (<anonymous>)\n    at stringify (/Users/kyle/MORBlotto/server/node_modules/express/lib/response.js:1160:12)\n    at ServerResponse.json (/Users/kyle/MORBlotto/server/node_modules/express/lib/response.js:271:14)\n    at /Users/kyle/MORBlotto/server/dist/server.js:82:21\n    at process.processTicksAndRejections (node:internal/process/task_queues:105:5)","timestamp":"2026-01-21T20:57:20.572Z"}
{"connectionId":"15a898c0-9a03-45b7-a78f-c70d6bbcbcc3","level":"info","message":"WebSocket connection established","playerAddress":"0xb6B3b6b3F5605B276B6347bB1cC34c3532362378","playerId":"a5e502f9-51a5-418f-91bb-569cb9ce7e16","service":"blackjack-server","timestamp":"2026-01-21T20:57:20.948Z"}
{"level":"error","message":"Error fetching global analytics: Do not know how to serialize a BigInt","service":"blackjack-server","stack":"TypeError: Do not know how to serialize a BigInt\n    at JSON.stringify (<anonymous>)\n    at stringify (/Users/kyle/MORBlotto/server/node_modules/express/lib/response.js:1160:12)\n    at ServerResponse.json (/Users/kyle/MORBlotto/server/node_modules/express/lib/response.js:271:14)\n    at /Users/kyle/MORBlotto/server/dist/server.js:93:21\n    at process.processTicksAndRejections (node:internal/process/task_queues:105:5)","timestamp":"2026-01-21T20:57:21.571Z"}
{"level":"error","message":"Error fetching enhanced player stats: Do not know how to serialize a BigInt","service":"blackjack-server","stack":"TypeError: Do not know how to serialize a BigInt\n    at JSON.stringify (<anonymous>)\n    at stringify (/Users/kyle/MORBlotto/server/node_modules/express/lib/response.js:1160:12)\n    at ServerResponse.json (/Users/kyle/MORBlotto/server/node_modules/express/lib/response.js:271:14)\n    at /Users/kyle/MORBlotto/server/dist/server.js:82:21\n    at process.processTicksAndRejections (node:internal/process/task_queues:105:5)","timestamp":"2026-01-21T20:57:21.631Z"}
{"level":"error","message":"Error fetching global analytics: Do not know how to serialize a BigInt","service":"blackjack-server","stack":"TypeError: Do not know how to serialize a BigInt\n    at JSON.stringify (<anonymous>)\n    at stringify (/Users/kyle/MORBlotto/server/node_modules/express/lib/response.js:1160:12)\n    at ServerResponse.json (/Users/kyle/MORBlotto/server/node_modules/express/lib/response.js:271:14)\n    at /Users/kyle/MORBlotto/server/dist/server.js:93:21\n    at process.processTicksAndRejections (node:internal/process/task_queues:105:5)","timestamp":"2026-01-21T20:57:23.618Z"}
{"level":"error","message":"Error fetching enhanced player stats: Do not know how to serialize a BigInt","service":"blackjack-server","stack":"TypeError: Do not know how to serialize a BigInt\n    at JSON.stringify (<anonymous>)\n    at stringify (/Users/kyle/MORBlotto/server/node_modules/express/lib/response.js:1160:12)\n    at ServerResponse.json (/Users/kyle/MORBlotto/server/node_modules/express/lib/response.js:271:14)\n    at /Users/kyle/MORBlotto/server/dist/server.js:82:21\n    at process.processTicksAndRejections (node:internal/process/task_queues:105:5)","timestamp":"2026-01-21T20:57:23.679Z"}
{"level":"error","message":"Error fetching global analytics: Do not know how to serialize a BigInt","service":"blackjack-server","stack":"TypeError: Do not know how to serialize a BigInt\n    at JSON.stringify (<anonymous>)\n    at stringify (/Users/kyle/MORBlotto/server/node_modules/express/lib/response.js:1160:12)\n    at ServerResponse.json (/Users/kyle/MORBlotto/server/node_modules/express/lib/response.js:271:14)\n    at /Users/kyle/MORBlotto/server/dist/server.js:93:21\n    at process.processTicksAndRejections (node:internal/process/task_queues:105:5)","timestamp":"2026-01-21T20:57:27.667Z"}
{"level":"error","message":"Error fetching enhanced player stats: Do not know how to serialize a BigInt","service":"blackjack-server","stack":"TypeError: Do not know how to serialize a BigInt\n    at JSON.stringify (<anonymous>)\n    at stringify (/Users/kyle/MORBlotto/server/node_modules/express/lib/response.js:1160:12)\n    at ServerResponse.json (/Users/kyle/MORBlotto/server/node_modules/express/lib/response.js:271:14)\n    at /Users/kyle/MORBlotto/server/dist/server.js:82:21\n    at process.processTicksAndRejections (node:internal/process/task_queues:105:5)","timestamp":"2026-01-21T20:57:27.744Z"}
{"connectionId":"15a898c0-9a03-45b7-a78f-c70d6bbcbcc3","level":"info","message":"WebSocket connection closed","service":"blackjack-server","timestamp":"2026-01-21T20:57:40.722Z"}
{"level":"error","message":"Error fetching global analytics: Do not know how to serialize a BigInt","service":"blackjack-server","stack":"TypeError: Do not know how to serialize a BigInt\n    at JSON.stringify (<anonymous>)\n    at stringify (/Users/kyle/MORBlotto/server/node_modules/express/lib/response.js:1160:12)\n    at ServerResponse.json (/Users/kyle/MORBlotto/server/node_modules/express/lib/response.js:271:14)\n    at /Users/kyle/MORBlotto/server/dist/server.js:93:21\n    at process.processTicksAndRejections (node:internal/process/task_queues:105:5)","timestamp":"2026-01-21T20:57:40.955Z"}
{"level":"error","message":"Error fetching enhanced player stats: Do not know how to serialize a BigInt","service":"blackjack-server","stack":"TypeError: Do not know how to serialize a BigInt\n    at JSON.stringify (<anonymous>)\n    at stringify (/Users/kyle/MORBlotto/server/node_modules/express/lib/response.js:1160:12)\n    at ServerResponse.json (/Users/kyle/MORBlotto/server/node_modules/express/lib/response.js:271:14)\n    at /Users/kyle/MORBlotto/server/dist/server.js:82:21\n    at process.processTicksAndRejections (node:internal/process/task_queues:105:5)","timestamp":"2026-01-21T20:57:40.973Z"}
{"connectionId":"57c717bf-e4c0-431e-8d04-a01416061021","level":"info","message":"WebSocket connection established","playerAddress":"0xb6B3b6b3F5605B276B6347bB1cC34c3532362378","playerId":"a5e502f9-51a5-418f-91bb-569cb9ce7e16","service":"blackjack-server","timestamp":"2026-01-21T20:57:41.330Z"}
{"level":"error","message":"Error fetching global analytics: Do not know how to serialize a BigInt","service":"blackjack-server","stack":"TypeError: Do not know how to serialize a BigInt\n    at JSON.stringify (<anonymous>)\n    at stringify (/Users/kyle/MORBlotto/server/node_modules/express/lib/response.js:1160:12)\n    at ServerResponse.json (/Users/kyle/MORBlotto/server/node_modules/express/lib/response.js:271:14)\n    at /Users/kyle/MORBlotto/server/dist/server.js:93:21\n    at process.processTicksAndRejections (node:internal/process/task_queues:105:5)","timestamp":"2026-01-21T20:57:42.018Z"}
{"level":"error","message":"Error fetching enhanced player stats: Do not know how to serialize a BigInt","service":"blackjack-server","stack":"TypeError: Do not know how to serialize a BigInt\n    at JSON.stringify (<anonymous>)\n    at stringify (/Users/kyle/MORBlotto/server/node_modules/express/lib/response.js:1160:12)\n    at ServerResponse.json (/Users/kyle/MORBlotto/server/node_modules/express/lib/response.js:271:14)\n    at /Users/kyle/MORBlotto/server/dist/server.js:82:21\n    at process.processTicksAndRejections (node:internal/process/task_queues:105:5)","timestamp":"2026-01-21T20:57:42.026Z"}
{"level":"error","message":"Error fetching global analytics: Do not know how to serialize a BigInt","service":"blackjack-server","stack":"TypeError: Do not know how to serialize a BigInt\n    at JSON.stringify (<anonymous>)\n    at stringify (/Users/kyle/MORBlotto/server/node_modules/express/lib/response.js:1160:12)\n    at ServerResponse.json (/Users/kyle/MORBlotto/server/node_modules/express/lib/response.js:271:14)\n    at /Users/kyle/MORBlotto/server/dist/server.js:93:21\n    at process.processTicksAndRejections (node:internal/process/task_queues:105:5)","timestamp":"2026-01-21T20:57:44.081Z"}
{"level":"error","message":"Error fetching enhanced player stats: Do not know how to serialize a BigInt","service":"blackjack-server","stack":"TypeError: Do not know how to serialize a BigInt\n    at JSON.stringify (<anonymous>)\n    at stringify (/Users/kyle/MORBlotto/server/node_modules/express/lib/response.js:1160:12)\n    at ServerResponse.json (/Users/kyle/MORBlotto/server/node_modules/express/lib/response.js:271:14)\n    at /Users/kyle/MORBlotto/server/dist/server.js:82:21\n    at process.processTicksAndRejections (node:internal/process/task_queues:105:5)","timestamp":"2026-01-21T20:57:44.100Z"}
{"level":"error","message":"Error fetching global analytics: Do not know how to serialize a BigInt","service":"blackjack-server","stack":"TypeError: Do not know how to serialize a BigInt\n    at JSON.stringify (<anonymous>)\n    at stringify (/Users/kyle/MORBlotto/server/node_modules/express/lib/response.js:1160:12)\n    at ServerResponse.json (/Users/kyle/MORBlotto/server/node_modules/express/lib/response.js:271:14)\n    at /Users/kyle/MORBlotto/server/dist/server.js:93:21\n    at process.processTicksAndRejections (node:internal/process/task_queues:105:5)","timestamp":"2026-01-21T20:57:48.131Z"}
{"level":"error","message":"Error fetching enhanced player stats: Do not know how to serialize a BigInt","service":"blackjack-server","stack":"TypeError: Do not know how to serialize a BigInt\n    at JSON.stringify (<anonymous>)\n    at stringify (/Users/kyle/MORBlotto/server/node_modules/express/lib/response.js:1160:12)\n    at ServerResponse.json (/Users/kyle/MORBlotto/server/node_modules/express/lib/response.js:271:14)\n    at /Users/kyle/MORBlotto/server/dist/server.js:82:21\n    at process.processTicksAndRejections (node:internal/process/task_queues:105:5)","timestamp":"2026-01-21T20:57:48.160Z"}
{"level":"error","message":"Error fetching enhanced player stats: Do not know how to serialize a BigInt","service":"blackjack-server","stack":"TypeError: Do not know how to serialize a BigInt\n    at JSON.stringify (<anonymous>)\n    at stringify (/Users/kyle/MORBlotto/server/node_modules/express/lib/response.js:1160:12)\n    at ServerResponse.json (/Users/kyle/MORBlotto/server/node_modules/express/lib/response.js:271:14)\n    at /Users/kyle/MORBlotto/server/dist/server.js:82:21\n    at process.processTicksAndRejections (node:internal/process/task_queues:105:5)","timestamp":"2026-01-21T20:58:18.226Z"}
{"level":"error","message":"Error fetching enhanced player stats: Do not know how to serialize a BigInt","service":"blackjack-server","stack":"TypeError: Do not know how to serialize a BigInt\n    at JSON.stringify (<anonymous>)\n    at stringify (/Users/kyle/MORBlotto/server/node_modules/express/lib/response.js:1160:12)\n    at ServerResponse.json (/Users/kyle/MORBlotto/server/node_modules/express/lib/response.js:271:14)\n    at /Users/kyle/MORBlotto/server/dist/server.js:82:21\n    at process.processTicksAndRejections (node:internal/process/task_queues:105:5)","timestamp":"2026-01-21T20:58:19.270Z"}
{"level":"error","message":"Error fetching enhanced player stats: Do not know how to serialize a BigInt","service":"blackjack-server","stack":"TypeError: Do not know how to serialize a BigInt\n    at JSON.stringify (<anonymous>)\n    at stringify (/Users/kyle/MORBlotto/server/node_modules/express/lib/response.js:1160:12)\n    at ServerResponse.json (/Users/kyle/MORBlotto/server/node_modules/express/lib/response.js:271:14)\n    at /Users/kyle/MORBlotto/server/dist/server.js:82:21\n    at process.processTicksAndRejections (node:internal/process/task_queues:105:5)","timestamp":"2026-01-21T20:58:21.315Z"}
{"level":"error","message":"Error fetching enhanced player stats: Do not know how to serialize a BigInt","service":"blackjack-server","stack":"TypeError: Do not know how to serialize a BigInt\n    at JSON.stringify (<anonymous>)\n    at stringify (/Users/kyle/MORBlotto/server/node_modules/express/lib/response.js:1160:12)\n    at ServerResponse.json (/Users/kyle/MORBlotto/server/node_modules/express/lib/response.js:271:14)\n    at /Users/kyle/MORBlotto/server/dist/server.js:82:21\n    at process.processTicksAndRejections (node:internal/process/task_queues:105:5)","timestamp":"2026-01-21T20:58:25.369Z"}
{"betAmount":"100000000000000000000","expected":"9b7c3ea757c7186e5f83abaccff25792ad47767df98c450121fcf1deae3615c0","level":"warn","message":"Game hash mismatch","received":"8d4337fe784141866d3648749ffee7659fb11ec664b8707b7248028385ee7466","seeds":{"clientSeed":"3dbdf41b5831879dd4f6ce0be3ad5a0c","nonce":1,"serverSeed":"f7702f875e73f2a3ad0cfb7c03ccfc5602f1fdf7ee25e0064bf5e27bb4fc4f2a"},"service":"blackjack-server","timestamp":1769029111}
{"betAmount":"100000000000000000000","gameId":"e0b9bda8-9c77-4376-b70b-129283ebd4af","hands":1,"level":"info","message":"Game created","playerAddress":"0xb6B3b6b3F5605B276B6347bB1cC34c3532362378","service":"blackjack-server","status":"player_turn","timestamp":"2026-01-21T20:58:31.222Z"}
{"level":"error","message":"Error fetching global analytics: Do not know how to serialize a BigInt","service":"blackjack-server","stack":"TypeError: Do not know how to serialize a BigInt\n    at JSON.stringify (<anonymous>)\n    at stringify (/Users/kyle/MORBlotto/server/node_modules/express/lib/response.js:1160:12)\n    at ServerResponse.json (/Users/kyle/MORBlotto/server/node_modules/express/lib/response.js:271:14)\n    at /Users/kyle/MORBlotto/server/dist/server.js:93:21\n    at process.processTicksAndRejections (node:internal/process/task_queues:105:5)","timestamp":"2026-01-21T20:58:48.207Z"}
{"level":"error","message":"Error fetching global analytics: Do not know how to serialize a BigInt","service":"blackjack-server","stack":"TypeError: Do not know how to serialize a BigInt\n    at JSON.stringify (<anonymous>)\n    at stringify (/Users/kyle/MORBlotto/server/node_modules/express/lib/response.js:1160:12)\n    at ServerResponse.json (/Users/kyle/MORBlotto/server/node_modules/express/lib/response.js:271:14)\n    at /Users/kyle/MORBlotto/server/dist/server.js:93:21\n    at process.processTicksAndRejections (node:internal/process/task_queues:105:5)","timestamp":"2026-01-21T20:58:49.269Z"}
{"level":"error","message":"Error fetching global analytics: Do not know how to serialize a BigInt","service":"blackjack-server","stack":"TypeError: Do not know how to serialize a BigInt\n    at JSON.stringify (<anonymous>)\n    at stringify (/Users/kyle/MORBlotto/server/node_modules/express/lib/response.js:1160:12)\n    at ServerResponse.json (/Users/kyle/MORBlotto/server/node_modules/express/lib/response.js:271:14)\n    at /Users/kyle/MORBlotto/server/dist/server.js:93:21\n    at process.processTicksAndRejections (node:internal/process/task_queues:105:5)","timestamp":"2026-01-21T20:58:51.315Z"}
{"level":"error","message":"Error fetching global analytics: Do not know how to serialize a BigInt","service":"blackjack-server","stack":"TypeError: Do not know how to serialize a BigInt\n    at JSON.stringify (<anonymous>)\n    at stringify (/Users/kyle/MORBlotto/server/node_modules/express/lib/response.js:1160:12)\n    at ServerResponse.json (/Users/kyle/MORBlotto/server/node_modules/express/lib/response.js:271:14)\n    at /Users/kyle/MORBlotto/server/dist/server.js:93:21\n    at process.processTicksAndRejections (node:internal/process/task_queues:105:5)","timestamp":"2026-01-21T20:58:55.359Z"}
{"level":"error","message":"Error fetching enhanced player stats: Do not know how to serialize a BigInt","service":"blackjack-server","stack":"TypeError: Do not know how to serialize a BigInt\n    at JSON.stringify (<anonymous>)\n    at stringify (/Users/kyle/MORBlotto/server/node_modules/express/lib/response.js:1160:12)\n    at ServerResponse.json (/Users/kyle/MORBlotto/server/node_modules/express/lib/response.js:271:14)\n    at /Users/kyle/MORBlotto/server/dist/server.js:82:21\n    at process.processTicksAndRejections (node:internal/process/task_queues:105:5)","timestamp":"2026-01-21T20:58:55.473Z"}
{"level":"error","message":"Error fetching enhanced player stats: Do not know how to serialize a BigInt","service":"blackjack-server","stack":"TypeError: Do not know how to serialize a BigInt\n    at JSON.stringify (<anonymous>)\n    at stringify (/Users/kyle/MORBlotto/server/node_modules/express/lib/response.js:1160:12)\n    at ServerResponse.json (/Users/kyle/MORBlotto/server/node_modules/express/lib/response.js:271:14)\n    at /Users/kyle/MORBlotto/server/dist/server.js:82:21\n    at process.processTicksAndRejections (node:internal/process/task_queues:105:5)","timestamp":"2026-01-21T20:58:56.519Z"}
{"level":"error","message":"Error fetching enhanced player stats: Do not know how to serialize a BigInt","service":"blackjack-server","stack":"TypeError: Do not know how to serialize a BigInt\n    at JSON.stringify (<anonymous>)\n    at stringify (/Users/kyle/MORBlotto/server/node_modules/express/lib/response.js:1160:12)\n    at ServerResponse.json (/Users/kyle/MORBlotto/server/node_modules/express/lib/response.js:271:14)\n    at /Users/kyle/MORBlotto/server/dist/server.js:82:21\n    at process.processTicksAndRejections (node:internal/process/task_queues:105:5)","timestamp":"2026-01-21T20:58:58.571Z"}
{"level":"error","message":"Error fetching enhanced player stats: Do not know how to serialize a BigInt","service":"blackjack-server","stack":"TypeError: Do not know how to serialize a BigInt\n    at JSON.stringify (<anonymous>)\n    at stringify (/Users/kyle/MORBlotto/server/node_modules/express/lib/response.js:1160:12)\n    at ServerResponse.json (/Users/kyle/MORBlotto/server/node_modules/express/lib/response.js:271:14)\n    at /Users/kyle/MORBlotto/server/dist/server.js:82:21\n    at process.processTicksAndRejections (node:internal/process/task_queues:105:5)","timestamp":"2026-01-21T20:59:02.626Z"}
{"level":"error","message":"Error fetching enhanced player stats: Do not know how to serialize a BigInt","service":"blackjack-server","stack":"TypeError: Do not know how to serialize a BigInt\n    at JSON.stringify (<anonymous>)\n    at stringify (/Users/kyle/MORBlotto/server/node_modules/express/lib/response.js:1160:12)\n    at ServerResponse.json (/Users/kyle/MORBlotto/server/node_modules/express/lib/response.js:271:14)\n    at /Users/kyle/MORBlotto/server/dist/server.js:82:21\n    at process.processTicksAndRejections (node:internal/process/task_queues:105:5)","timestamp":"2026-01-21T20:59:32.690Z"}
{"level":"error","message":"Error fetching enhanced player stats: Do not know how to serialize a BigInt","service":"blackjack-server","stack":"TypeError: Do not know how to serialize a BigInt\n    at JSON.stringify (<anonymous>)\n    at stringify (/Users/kyle/MORBlotto/server/node_modules/express/lib/response.js:1160:12)\n    at ServerResponse.json (/Users/kyle/MORBlotto/server/node_modules/express/lib/response.js:271:14)\n    at /Users/kyle/MORBlotto/server/dist/server.js:82:21\n    at process.processTicksAndRejections (node:internal/process/task_queues:105:5)","timestamp":"2026-01-21T20:59:33.754Z"}
{"level":"error","message":"Error fetching enhanced player stats: Do not know how to serialize a BigInt","service":"blackjack-server","stack":"TypeError: Do not know how to serialize a BigInt\n    at JSON.stringify (<anonymous>)\n    at stringify (/Users/kyle/MORBlotto/server/node_modules/express/lib/response.js:1160:12)\n    at ServerResponse.json (/Users/kyle/MORBlotto/server/node_modules/express/lib/response.js:271:14)\n    at /Users/kyle/MORBlotto/server/dist/server.js:82:21\n    at process.processTicksAndRejections (node:internal/process/task_queues:105:5)","timestamp":"2026-01-21T20:59:35.798Z"}
{"level":"error","message":"Error fetching enhanced player stats: Do not know how to serialize a BigInt","service":"blackjack-server","stack":"TypeError: Do not know how to serialize a BigInt\n    at JSON.stringify (<anonymous>)\n    at stringify (/Users/kyle/MORBlotto/server/node_modules/express/lib/response.js:1160:12)\n    at ServerResponse.json (/Users/kyle/MORBlotto/server/node_modules/express/lib/response.js:271:14)\n    at /Users/kyle/MORBlotto/server/dist/server.js:82:21\n    at process.processTicksAndRejections (node:internal/process/task_queues:105:5)","timestamp":"2026-01-21T20:59:39.853Z"}
{"level":"error","message":"Error fetching global analytics: Do not know how to serialize a BigInt","service":"blackjack-server","stack":"TypeError: Do not know how to serialize a BigInt\n    at JSON.stringify (<anonymous>)\n    at stringify (/Users/kyle/MORBlotto/server/node_modules/express/lib/response.js:1160:12)\n    at ServerResponse.json (/Users/kyle/MORBlotto/server/node_modules/express/lib/response.js:271:14)\n    at /Users/kyle/MORBlotto/server/dist/server.js:93:21\n    at process.processTicksAndRejections (node:internal/process/task_queues:105:5)","timestamp":"2026-01-21T20:59:55.409Z"}
{"level":"error","message":"Error fetching global analytics: Do not know how to serialize a BigInt","service":"blackjack-server","stack":"TypeError: Do not know how to serialize a BigInt\n    at JSON.stringify (<anonymous>)\n    at stringify (/Users/kyle/MORBlotto/server/node_modules/express/lib/response.js:1160:12)\n    at ServerResponse.json (/Users/kyle/MORBlotto/server/node_modules/express/lib/response.js:271:14)\n    at /Users/kyle/MORBlotto/server/dist/server.js:93:21\n    at process.processTicksAndRejections (node:internal/process/task_queues:105:5)","timestamp":"2026-01-21T20:59:56.485Z"}
{"level":"error","message":"Error fetching global analytics: Do not know how to serialize a BigInt","service":"blackjack-server","stack":"TypeError: Do not know how to serialize a BigInt\n    at JSON.stringify (<anonymous>)\n    at stringify (/Users/kyle/MORBlotto/server/node_modules/express/lib/response.js:1160:12)\n    at ServerResponse.json (/Users/kyle/MORBlotto/server/node_modules/express/lib/response.js:271:14)\n    at /Users/kyle/MORBlotto/server/dist/server.js:93:21\n    at process.processTicksAndRejections (node:internal/process/task_queues:105:5)","timestamp":"2026-01-21T20:59:58.542Z"}
{"level":"error","message":"Error fetching global analytics: Do not know how to serialize a BigInt","service":"blackjack-server","stack":"TypeError: Do not know how to serialize a BigInt\n    at JSON.stringify (<anonymous>)\n    at stringify (/Users/kyle/MORBlotto/server/node_modules/express/lib/response.js:1160:12)\n    at ServerResponse.json (/Users/kyle/MORBlotto/server/node_modules/express/lib/response.js:271:14)\n    at /Users/kyle/MORBlotto/server/dist/server.js:93:21\n    at process.processTicksAndRejections (node:internal/process/task_queues:105:5)","timestamp":"2026-01-21T21:00:02.601Z"}
{"level":"error","message":"Error fetching enhanced player stats: Do not know how to serialize a BigInt","service":"blackjack-server","stack":"TypeError: Do not know how to serialize a BigInt\n    at JSON.stringify (<anonymous>)\n    at stringify (/Users/kyle/MORBlotto/server/node_modules/express/lib/response.js:1160:12)\n    at ServerResponse.json (/Users/kyle/MORBlotto/server/node_modules/express/lib/response.js:271:14)\n    at /Users/kyle/MORBlotto/server/dist/server.js:82:21\n    at process.processTicksAndRejections (node:internal/process/task_queues:105:5)","timestamp":"2026-01-21T21:00:09.924Z"}
{"level":"error","message":"Error fetching enhanced player stats: Do not know how to serialize a BigInt","service":"blackjack-server","stack":"TypeError: Do not know how to serialize a BigInt\n    at JSON.stringify (<anonymous>)\n    at stringify (/Users/kyle/MORBlotto/server/node_modules/express/lib/response.js:1160:12)\n    at ServerResponse.json (/Users/kyle/MORBlotto/server/node_modules/express/lib/response.js:271:14)\n    at /Users/kyle/MORBlotto/server/dist/server.js:82:21\n    at process.processTicksAndRejections (node:internal/process/task_queues:105:5)","timestamp":"2026-01-21T21:00:10.985Z"}
{"level":"error","message":"Error fetching enhanced player stats: Do not know how to serialize a BigInt","service":"blackjack-server","stack":"TypeError: Do not know how to serialize a BigInt\n    at JSON.stringify (<anonymous>)\n    at stringify (/Users/kyle/MORBlotto/server/node_modules/express/lib/response.js:1160:12)\n    at ServerResponse.json (/Users/kyle/MORBlotto/server/node_modules/express/lib/response.js:271:14)\n    at /Users/kyle/MORBlotto/server/dist/server.js:82:21\n    at process.processTicksAndRejections (node:internal/process/task_queues:105:5)","timestamp":"2026-01-21T21:00:13.038Z"}
{"level":"error","message":"Error fetching enhanced player stats: Do not know how to serialize a BigInt","service":"blackjack-server","stack":"TypeError: Do not know how to serialize a BigInt\n    at JSON.stringify (<anonymous>)\n    at stringify (/Users/kyle/MORBlotto/server/node_modules/express/lib/response.js:1160:12)\n    at ServerResponse.json (/Users/kyle/MORBlotto/server/node_modules/express/lib/response.js:271:14)\n    at /Users/kyle/MORBlotto/server/dist/server.js:82:21\n    at process.processTicksAndRejections (node:internal/process/task_queues:105:5)","timestamp":"2026-01-21T21:00:17.109Z"}
{"level":"error","message":"Error fetching enhanced player stats: Do not know how to serialize a BigInt","service":"blackjack-server","stack":"TypeError: Do not know how to serialize a BigInt\n    at JSON.stringify (<anonymous>)\n    at stringify (/Users/kyle/MORBlotto/server/node_modules/express/lib/response.js:1160:12)\n    at ServerResponse.json (/Users/kyle/MORBlotto/server/node_modules/express/lib/response.js:271:14)\n    at /Users/kyle/MORBlotto/server/dist/server.js:82:21\n    at process.processTicksAndRejections (node:internal/process/task_queues:105:5)","timestamp":"2026-01-21T21:00:47.163Z"}
{"level":"error","message":"Error fetching enhanced player stats: Do not know how to serialize a BigInt","service":"blackjack-server","stack":"TypeError: Do not know how to serialize a BigInt\n    at JSON.stringify (<anonymous>)\n    at stringify (/Users/kyle/MORBlotto/server/node_modules/express/lib/response.js:1160:12)\n    at ServerResponse.json (/Users/kyle/MORBlotto/server/node_modules/express/lib/response.js:271:14)\n    at /Users/kyle/MORBlotto/server/dist/server.js:82:21\n    at process.processTicksAndRejections (node:internal/process/task_queues:105:5)","timestamp":"2026-01-21T21:00:48.214Z"}
{"level":"error","message":"Error fetching enhanced player stats: Do not know how to serialize a BigInt","service":"blackjack-server","stack":"TypeError: Do not know how to serialize a BigInt\n    at JSON.stringify (<anonymous>)\n    at stringify (/Users/kyle/MORBlotto/server/node_modules/express/lib/response.js:1160:12)\n    at ServerResponse.json (/Users/kyle/MORBlotto/server/node_modules/express/lib/response.js:271:14)\n    at /Users/kyle/MORBlotto/server/dist/server.js:82:21\n    at process.processTicksAndRejections (node:internal/process/task_queues:105:5)","timestamp":"2026-01-21T21:00:50.258Z"}
{"level":"error","message":"Error fetching enhanced player stats: Do not know how to serialize a BigInt","service":"blackjack-server","stack":"TypeError: Do not know how to serialize a BigInt\n    at JSON.stringify (<anonymous>)\n    at stringify (/Users/kyle/MORBlotto/server/node_modules/express/lib/response.js:1160:12)\n    at ServerResponse.json (/Users/kyle/MORBlotto/server/node_modules/express/lib/response.js:271:14)\n    at /Users/kyle/MORBlotto/server/dist/server.js:82:21\n    at process.processTicksAndRejections (node:internal/process/task_queues:105:5)","timestamp":"2026-01-21T21:00:54.301Z"}
{"level":"error","message":"Error fetching global analytics: Do not know how to serialize a BigInt","service":"blackjack-server","stack":"TypeError: Do not know how to serialize a BigInt\n    at JSON.stringify (<anonymous>)\n    at stringify (/Users/kyle/MORBlotto/server/node_modules/express/lib/response.js:1160:12)\n    at ServerResponse.json (/Users/kyle/MORBlotto/server/node_modules/express/lib/response.js:271:14)\n    at /Users/kyle/MORBlotto/server/dist/server.js:93:21\n    at process.processTicksAndRejections (node:internal/process/task_queues:105:5)","timestamp":"2026-01-21T21:01:02.652Z"}
{"level":"error","message":"Error fetching global analytics: Do not know how to serialize a BigInt","service":"blackjack-server","stack":"TypeError: Do not know how to serialize a BigInt\n    at JSON.stringify (<anonymous>)\n    at stringify (/Users/kyle/MORBlotto/server/node_modules/express/lib/response.js:1160:12)\n    at ServerResponse.json (/Users/kyle/MORBlotto/server/node_modules/express/lib/response.js:271:14)\n    at /Users/kyle/MORBlotto/server/dist/server.js:93:21\n    at process.processTicksAndRejections (node:internal/process/task_queues:105:5)","timestamp":"2026-01-21T21:01:03.692Z"}
{"level":"error","message":"Error fetching global analytics: Do not know how to serialize a BigInt","service":"blackjack-server","stack":"TypeError: Do not know how to serialize a BigInt\n    at JSON.stringify (<anonymous>)\n    at stringify (/Users/kyle/MORBlotto/server/node_modules/express/lib/response.js:1160:12)\n    at ServerResponse.json (/Users/kyle/MORBlotto/server/node_modules/express/lib/response.js:271:14)\n    at /Users/kyle/MORBlotto/server/dist/server.js:93:21\n    at process.processTicksAndRejections (node:internal/process/task_queues:105:5)","timestamp":"2026-01-21T21:01:05.757Z"}
{"level":"error","message":"Error fetching global analytics: Do not know how to serialize a BigInt","service":"blackjack-server","stack":"TypeError: Do not know how to serialize a BigInt\n    at JSON.stringify (<anonymous>)\n    at stringify (/Users/kyle/MORBlotto/server/node_modules/express/lib/response.js:1160:12)\n    at ServerResponse.json (/Users/kyle/MORBlotto/server/node_modules/express/lib/response.js:271:14)\n    at /Users/kyle/MORBlotto/server/dist/server.js:93:21\n    at process.processTicksAndRejections (node:internal/process/task_queues:105:5)","timestamp":"2026-01-21T21:01:09.808Z"}
{"level":"error","message":"Error fetching enhanced player stats: Do not know how to serialize a BigInt","service":"blackjack-server","stack":"TypeError: Do not know how to serialize a BigInt\n    at JSON.stringify (<anonymous>)\n    at stringify (/Users/kyle/MORBlotto/server/node_modules/express/lib/response.js:1160:12)\n    at ServerResponse.json (/Users/kyle/MORBlotto/server/node_modules/express/lib/response.js:271:14)\n    at /Users/kyle/MORBlotto/server/dist/server.js:82:21\n    at process.processTicksAndRejections (node:internal/process/task_queues:105:5)","timestamp":"2026-01-21T21:01:24.353Z"}
{"level":"error","message":"Error fetching enhanced player stats: Do not know how to serialize a BigInt","service":"blackjack-server","stack":"TypeError: Do not know how to serialize a BigInt\n    at JSON.stringify (<anonymous>)\n    at stringify (/Users/kyle/MORBlotto/server/node_modules/express/lib/response.js:1160:12)\n    at ServerResponse.json (/Users/kyle/MORBlotto/server/node_modules/express/lib/response.js:271:14)\n    at /Users/kyle/MORBlotto/server/dist/server.js:82:21\n    at process.processTicksAndRejections (node:internal/process/task_queues:105:5)","timestamp":"2026-01-21T21:01:25.397Z"}
{"level":"error","message":"Error fetching enhanced player stats: Do not know how to serialize a BigInt","service":"blackjack-server","stack":"TypeError: Do not know how to serialize a BigInt\n    at JSON.stringify (<anonymous>)\n    at stringify (/Users/kyle/MORBlotto/server/node_modules/express/lib/response.js:1160:12)\n    at ServerResponse.json (/Users/kyle/MORBlotto/server/node_modules/express/lib/response.js:271:14)\n    at /Users/kyle/MORBlotto/server/dist/server.js:82:21\n    at process.processTicksAndRejections (node:internal/process/task_queues:105:5)","timestamp":"2026-01-21T21:01:27.436Z"}
{"level":"error","message":"Error fetching enhanced player stats: Do not know how to serialize a BigInt","service":"blackjack-server","stack":"TypeError: Do not know how to serialize a BigInt\n    at JSON.stringify (<anonymous>)\n    at stringify (/Users/kyle/MORBlotto/server/node_modules/express/lib/response.js:1160:12)\n    at ServerResponse.json (/Users/kyle/MORBlotto/server/node_modules/express/lib/response.js:271:14)\n    at /Users/kyle/MORBlotto/server/dist/server.js:82:21\n    at process.processTicksAndRejections (node:internal/process/task_queues:105:5)","timestamp":"2026-01-21T21:01:31.481Z"}
{"level":"error","message":"Error fetching enhanced player stats: Do not know how to serialize a BigInt","service":"blackjack-server","stack":"TypeError: Do not know how to serialize a BigInt\n    at JSON.stringify (<anonymous>)\n    at stringify (/Users/kyle/MORBlotto/server/node_modules/express/lib/response.js:1160:12)\n    at ServerResponse.json (/Users/kyle/MORBlotto/server/node_modules/express/lib/response.js:271:14)\n    at /Users/kyle/MORBlotto/server/dist/server.js:82:21\n    at process.processTicksAndRejections (node:internal/process/task_queues:105:5)","timestamp":"2026-01-21T21:02:01.536Z"}
{"level":"error","message":"Error fetching enhanced player stats: Do not know how to serialize a BigInt","service":"blackjack-server","stack":"TypeError: Do not know how to serialize a BigInt\n    at JSON.stringify (<anonymous>)\n    at stringify (/Users/kyle/MORBlotto/server/node_modules/express/lib/response.js:1160:12)\n    at ServerResponse.json (/Users/kyle/MORBlotto/server/node_modules/express/lib/response.js:271:14)\n    at /Users/kyle/MORBlotto/server/dist/server.js:82:21\n    at process.processTicksAndRejections (node:internal/process/task_queues:105:5)","timestamp":"2026-01-21T21:02:02.589Z"}
{"level":"error","message":"Error fetching enhanced player stats: Do not know how to serialize a BigInt","service":"blackjack-server","stack":"TypeError: Do not know how to serialize a BigInt\n    at JSON.stringify (<anonymous>)\n    at stringify (/Users/kyle/MORBlotto/server/node_modules/express/lib/response.js:1160:12)\n    at ServerResponse.json (/Users/kyle/MORBlotto/server/node_modules/express/lib/response.js:271:14)\n    at /Users/kyle/MORBlotto/server/dist/server.js:82:21\n    at process.processTicksAndRejections (node:internal/process/task_queues:105:5)","timestamp":"2026-01-21T21:02:04.641Z"}
{"level":"error","message":"Error fetching enhanced player stats: Do not know how to serialize a BigInt","service":"blackjack-server","stack":"TypeError: Do not know how to serialize a BigInt\n    at JSON.stringify (<anonymous>)\n    at stringify (/Users/kyle/MORBlotto/server/node_modules/express/lib/response.js:1160:12)\n    at ServerResponse.json (/Users/kyle/MORBlotto/server/node_modules/express/lib/response.js:271:14)\n    at /Users/kyle/MORBlotto/server/dist/server.js:82:21\n    at process.processTicksAndRejections (node:internal/process/task_queues:105:5)","timestamp":"2026-01-21T21:02:08.686Z"}
{"level":"error","message":"Error fetching global analytics: Do not know how to serialize a BigInt","service":"blackjack-server","stack":"TypeError: Do not know how to serialize a BigInt\n    at JSON.stringify (<anonymous>)\n    at stringify (/Users/kyle/MORBlotto/server/node_modules/express/lib/response.js:1160:12)\n    at ServerResponse.json (/Users/kyle/MORBlotto/server/node_modules/express/lib/response.js:271:14)\n    at /Users/kyle/MORBlotto/server/dist/server.js:93:21\n    at process.processTicksAndRejections (node:internal/process/task_queues:105:5)","timestamp":"2026-01-21T21:02:09.856Z"}
{"level":"error","message":"Error fetching global analytics: Do not know how to serialize a BigInt","service":"blackjack-server","stack":"TypeError: Do not know how to serialize a BigInt\n    at JSON.stringify (<anonymous>)\n    at stringify (/Users/kyle/MORBlotto/server/node_modules/express/lib/response.js:1160:12)\n    at ServerResponse.json (/Users/kyle/MORBlotto/server/node_modules/express/lib/response.js:271:14)\n    at /Users/kyle/MORBlotto/server/dist/server.js:93:21\n    at process.processTicksAndRejections (node:internal/process/task_queues:105:5)","timestamp":"2026-01-21T21:02:10.897Z"}
{"level":"error","message":"Error fetching global analytics: Do not know how to serialize a BigInt","service":"blackjack-server","stack":"TypeError: Do not know how to serialize a BigInt\n    at JSON.stringify (<anonymous>)\n    at stringify (/Users/kyle/MORBlotto/server/node_modules/express/lib/response.js:1160:12)\n    at ServerResponse.json (/Users/kyle/MORBlotto/server/node_modules/express/lib/response.js:271:14)\n    at /Users/kyle/MORBlotto/server/dist/server.js:93:21\n    at process.processTicksAndRejections (node:internal/process/task_queues:105:5)","timestamp":"2026-01-21T21:02:12.973Z"}
{"level":"error","message":"Error fetching global analytics: Do not know how to serialize a BigInt","service":"blackjack-server","stack":"TypeError: Do not know how to serialize a BigInt\n    at JSON.stringify (<anonymous>)\n    at stringify (/Users/kyle/MORBlotto/server/node_modules/express/lib/response.js:1160:12)\n    at ServerResponse.json (/Users/kyle/MORBlotto/server/node_modules/express/lib/response.js:271:14)\n    at /Users/kyle/MORBlotto/server/dist/server.js:93:21\n    at process.processTicksAndRejections (node:internal/process/task_queues:105:5)","timestamp":"2026-01-21T21:02:17.028Z"}
{"level":"error","message":"Error fetching enhanced player stats: Do not know how to serialize a BigInt","service":"blackjack-server","stack":"TypeError: Do not know how to serialize a BigInt\n    at JSON.stringify (<anonymous>)\n    at stringify (/Users/kyle/MORBlotto/server/node_modules/express/lib/response.js:1160:12)\n    at ServerResponse.json (/Users/kyle/MORBlotto/server/node_modules/express/lib/response.js:271:14)\n    at /Users/kyle/MORBlotto/server/dist/server.js:82:21\n    at process.processTicksAndRejections (node:internal/process/task_queues:105:5)","timestamp":"2026-01-21T21:02:38.748Z"}
{"level":"error","message":"Error fetching enhanced player stats: Do not know how to serialize a BigInt","service":"blackjack-server","stack":"TypeError: Do not know how to serialize a BigInt\n    at JSON.stringify (<anonymous>)\n    at stringify (/Users/kyle/MORBlotto/server/node_modules/express/lib/response.js:1160:12)\n    at ServerResponse.json (/Users/kyle/MORBlotto/server/node_modules/express/lib/response.js:271:14)\n    at /Users/kyle/MORBlotto/server/dist/server.js:82:21\n    at process.processTicksAndRejections (node:internal/process/task_queues:105:5)","timestamp":"2026-01-21T21:02:39.791Z"}
{"level":"error","message":"Error fetching enhanced player stats: Do not know how to serialize a BigInt","service":"blackjack-server","stack":"TypeError: Do not know how to serialize a BigInt\n    at JSON.stringify (<anonymous>)\n    at stringify (/Users/kyle/MORBlotto/server/node_modules/express/lib/response.js:1160:12)\n    at ServerResponse.json (/Users/kyle/MORBlotto/server/node_modules/express/lib/response.js:271:14)\n    at /Users/kyle/MORBlotto/server/dist/server.js:82:21\n    at process.processTicksAndRejections (node:internal/process/task_queues:105:5)","timestamp":"2026-01-21T21:02:41.853Z"}
{"level":"error","message":"Error fetching enhanced player stats: Do not know how to serialize a BigInt","service":"blackjack-server","stack":"TypeError: Do not know how to serialize a BigInt\n    at JSON.stringify (<anonymous>)\n    at stringify (/Users/kyle/MORBlotto/server/node_modules/express/lib/response.js:1160:12)\n    at ServerResponse.json (/Users/kyle/MORBlotto/server/node_modules/express/lib/response.js:271:14)\n    at /Users/kyle/MORBlotto/server/dist/server.js:82:21\n    at process.processTicksAndRejections (node:internal/process/task_queues:105:5)","timestamp":"2026-01-21T21:02:45.922Z"}
{"level":"error","message":"Error fetching enhanced player stats: Do not know how to serialize a BigInt","service":"blackjack-server","stack":"TypeError: Do not know how to serialize a BigInt\n    at JSON.stringify (<anonymous>)\n    at stringify (/Users/kyle/MORBlotto/server/node_modules/express/lib/response.js:1160:12)\n    at ServerResponse.json (/Users/kyle/MORBlotto/server/node_modules/express/lib/response.js:271:14)\n    at /Users/kyle/MORBlotto/server/dist/server.js:82:21\n    at process.processTicksAndRejections (node:internal/process/task_queues:105:5)","timestamp":"2026-01-21T21:03:15.887Z"}
{"level":"error","message":"Error fetching enhanced player stats: Do not know how to serialize a BigInt","service":"blackjack-server","stack":"TypeError: Do not know how to serialize a BigInt\n    at JSON.stringify (<anonymous>)\n    at stringify (/Users/kyle/MORBlotto/server/node_modules/express/lib/response.js:1160:12)\n    at ServerResponse.json (/Users/kyle/MORBlotto/server/node_modules/express/lib/response.js:271:14)\n    at /Users/kyle/MORBlotto/server/dist/server.js:82:21\n    at process.processTicksAndRejections (node:internal/process/task_queues:105:5)","timestamp":"2026-01-21T21:03:16.931Z"}
{"level":"error","message":"Error fetching global analytics: Do not know how to serialize a BigInt","service":"blackjack-server","stack":"TypeError: Do not know how to serialize a BigInt\n    at JSON.stringify (<anonymous>)\n    at stringify (/Users/kyle/MORBlotto/server/node_modules/express/lib/response.js:1160:12)\n    at ServerResponse.json (/Users/kyle/MORBlotto/server/node_modules/express/lib/response.js:271:14)\n    at /Users/kyle/MORBlotto/server/dist/server.js:93:21\n    at process.processTicksAndRejections (node:internal/process/task_queues:105:5)","timestamp":"2026-01-21T21:03:16.992Z"}
{"level":"error","message":"Error fetching global analytics: Do not know how to serialize a BigInt","service":"blackjack-server","stack":"TypeError: Do not know how to serialize a BigInt\n    at JSON.stringify (<anonymous>)\n    at stringify (/Users/kyle/MORBlotto/server/node_modules/express/lib/response.js:1160:12)\n    at ServerResponse.json (/Users/kyle/MORBlotto/server/node_modules/express/lib/response.js:271:14)\n    at /Users/kyle/MORBlotto/server/dist/server.js:93:21\n    at process.processTicksAndRejections (node:internal/process/task_queues:105:5)","timestamp":"2026-01-21T21:03:18.148Z"}
{"level":"error","message":"Error fetching enhanced player stats: Do not know how to serialize a BigInt","service":"blackjack-server","stack":"TypeError: Do not know how to serialize a BigInt\n    at JSON.stringify (<anonymous>)\n    at stringify (/Users/kyle/MORBlotto/server/node_modules/express/lib/response.js:1160:12)\n    at ServerResponse.json (/Users/kyle/MORBlotto/server/node_modules/express/lib/response.js:271:14)\n    at /Users/kyle/MORBlotto/server/dist/server.js:82:21\n    at process.processTicksAndRejections (node:internal/process/task_queues:105:5)","timestamp":"2026-01-21T21:03:18.998Z"}
{"level":"error","message":"Error fetching global analytics: Do not know how to serialize a BigInt","service":"blackjack-server","stack":"TypeError: Do not know how to serialize a BigInt\n    at JSON.stringify (<anonymous>)\n    at stringify (/Users/kyle/MORBlotto/server/node_modules/express/lib/response.js:1160:12)\n    at ServerResponse.json (/Users/kyle/MORBlotto/server/node_modules/express/lib/response.js:271:14)\n    at /Users/kyle/MORBlotto/server/dist/server.js:93:21\n    at process.processTicksAndRejections (node:internal/process/task_queues:105:5)","timestamp":"2026-01-21T21:03:20.289Z"}
{"level":"error","message":"Error fetching enhanced player stats: Do not know how to serialize a BigInt","service":"blackjack-server","stack":"TypeError: Do not know how to serialize a BigInt\n    at JSON.stringify (<anonymous>)\n    at stringify (/Users/kyle/MORBlotto/server/node_modules/express/lib/response.js:1160:12)\n    at ServerResponse.json (/Users/kyle/MORBlotto/server/node_modules/express/lib/response.js:271:14)\n    at /Users/kyle/MORBlotto/server/dist/server.js:82:21\n    at process.processTicksAndRejections (node:internal/process/task_queues:105:5)","timestamp":"2026-01-21T21:03:23.052Z"}
{"level":"error","message":"Error fetching global analytics: Do not know how to serialize a BigInt","service":"blackjack-server","stack":"TypeError: Do not know how to serialize a BigInt\n    at JSON.stringify (<anonymous>)\n    at stringify (/Users/kyle/MORBlotto/server/node_modules/express/lib/response.js:1160:12)\n    at ServerResponse.json (/Users/kyle/MORBlotto/server/node_modules/express/lib/response.js:271:14)\n    at /Users/kyle/MORBlotto/server/dist/server.js:93:21\n    at process.processTicksAndRejections (node:internal/process/task_queues:105:5)","timestamp":"2026-01-21T21:03:24.335Z"}
{"level":"error","message":"Error fetching enhanced player stats: Do not know how to serialize a BigInt","service":"blackjack-server","stack":"TypeError: Do not know how to serialize a BigInt\n    at JSON.stringify (<anonymous>)\n    at stringify (/Users/kyle/MORBlotto/server/node_modules/express/lib/response.js:1160:12)\n    at ServerResponse.json (/Users/kyle/MORBlotto/server/node_modules/express/lib/response.js:271:14)\n    at /Users/kyle/MORBlotto/server/dist/server.js:82:21\n    at process.processTicksAndRejections (node:internal/process/task_queues:105:5)","timestamp":"2026-01-21T21:03:53.145Z"}
{"level":"error","message":"Error fetching enhanced player stats: Do not know how to serialize a BigInt","service":"blackjack-server","stack":"TypeError: Do not know how to serialize a BigInt\n    at JSON.stringify (<anonymous>)\n    at stringify (/Users/kyle/MORBlotto/server/node_modules/express/lib/response.js:1160:12)\n    at ServerResponse.json (/Users/kyle/MORBlotto/server/node_modules/express/lib/response.js:271:14)\n    at /Users/kyle/MORBlotto/server/dist/server.js:82:21\n    at process.processTicksAndRejections (node:internal/process/task_queues:105:5)","timestamp":"2026-01-21T21:03:54.250Z"}
{"level":"error","message":"Error fetching enhanced player stats: Do not know how to serialize a BigInt","service":"blackjack-server","stack":"TypeError: Do not know how to serialize a BigInt\n    at JSON.stringify (<anonymous>)\n    at stringify (/Users/kyle/MORBlotto/server/node_modules/express/lib/response.js:1160:12)\n    at ServerResponse.json (/Users/kyle/MORBlotto/server/node_modules/express/lib/response.js:271:14)\n    at /Users/kyle/MORBlotto/server/dist/server.js:82:21\n    at process.processTicksAndRejections (node:internal/process/task_queues:105:5)","timestamp":"2026-01-21T21:03:56.309Z"}
{"level":"error","message":"Error fetching enhanced player stats: Do not know how to serialize a BigInt","service":"blackjack-server","stack":"TypeError: Do not know how to serialize a BigInt\n    at JSON.stringify (<anonymous>)\n    at stringify (/Users/kyle/MORBlotto/server/node_modules/express/lib/response.js:1160:12)\n    at ServerResponse.json (/Users/kyle/MORBlotto/server/node_modules/express/lib/response.js:271:14)\n    at /Users/kyle/MORBlotto/server/dist/server.js:82:21\n    at process.processTicksAndRejections (node:internal/process/task_queues:105:5)","timestamp":"2026-01-21T21:04:00.358Z"}
{"level":"error","message":"Error fetching global analytics: Do not know how to serialize a BigInt","service":"blackjack-server","stack":"TypeError: Do not know how to serialize a BigInt\n    at JSON.stringify (<anonymous>)\n    at stringify (/Users/kyle/MORBlotto/server/node_modules/express/lib/response.js:1160:12)\n    at ServerResponse.json (/Users/kyle/MORBlotto/server/node_modules/express/lib/response.js:271:14)\n    at /Users/kyle/MORBlotto/server/dist/server.js:93:21\n    at process.processTicksAndRejections (node:internal/process/task_queues:105:5)","timestamp":"2026-01-21T21:04:24.396Z"}
{"level":"error","message":"Error fetching global analytics: Do not know how to serialize a BigInt","service":"blackjack-server","stack":"TypeError: Do not know how to serialize a BigInt\n    at JSON.stringify (<anonymous>)\n    at stringify (/Users/kyle/MORBlotto/server/node_modules/express/lib/response.js:1160:12)\n    at ServerResponse.json (/Users/kyle/MORBlotto/server/node_modules/express/lib/response.js:271:14)\n    at /Users/kyle/MORBlotto/server/dist/server.js:93:21\n    at process.processTicksAndRejections (node:internal/process/task_queues:105:5)","timestamp":"2026-01-21T21:04:25.444Z"}
{"level":"error","message":"Error fetching global analytics: Do not know how to serialize a BigInt","service":"blackjack-server","stack":"TypeError: Do not know how to serialize a BigInt\n    at JSON.stringify (<anonymous>)\n    at stringify (/Users/kyle/MORBlotto/server/node_modules/express/lib/response.js:1160:12)\n    at ServerResponse.json (/Users/kyle/MORBlotto/server/node_modules/express/lib/response.js:271:14)\n    at /Users/kyle/MORBlotto/server/dist/server.js:93:21\n    at process.processTicksAndRejections (node:internal/process/task_queues:105:5)","timestamp":"2026-01-21T21:04:27.497Z"}
{"level":"error","message":"Error fetching enhanced player stats: Do not know how to serialize a BigInt","service":"blackjack-server","stack":"TypeError: Do not know how to serialize a BigInt\n    at JSON.stringify (<anonymous>)\n    at stringify (/Users/kyle/MORBlotto/server/node_modules/express/lib/response.js:1160:12)\n    at ServerResponse.json (/Users/kyle/MORBlotto/server/node_modules/express/lib/response.js:271:14)\n    at /Users/kyle/MORBlotto/server/dist/server.js:82:21\n    at process.processTicksAndRejections (node:internal/process/task_queues:105:5)","timestamp":"2026-01-21T21:04:29.612Z"}
{"level":"error","message":"Error fetching enhanced player stats: Do not know how to serialize a BigInt","service":"blackjack-server","stack":"TypeError: Do not know how to serialize a BigInt\n    at JSON.stringify (<anonymous>)\n    at stringify (/Users/kyle/MORBlotto/server/node_modules/express/lib/response.js:1160:12)\n    at ServerResponse.json (/Users/kyle/MORBlotto/server/node_modules/express/lib/response.js:271:14)\n    at /Users/kyle/MORBlotto/server/dist/server.js:82:21\n    at process.processTicksAndRejections (node:internal/process/task_queues:105:5)","timestamp":"2026-01-21T21:04:30.675Z"}
{"level":"error","message":"Error fetching global analytics: Do not know how to serialize a BigInt","service":"blackjack-server","stack":"TypeError: Do not know how to serialize a BigInt\n    at JSON.stringify (<anonymous>)\n    at stringify (/Users/kyle/MORBlotto/server/node_modules/express/lib/response.js:1160:12)\n    at ServerResponse.json (/Users/kyle/MORBlotto/server/node_modules/express/lib/response.js:271:14)\n    at /Users/kyle/MORBlotto/server/dist/server.js:93:21\n    at process.processTicksAndRejections (node:internal/process/task_queues:105:5)","timestamp":"2026-01-21T21:04:31.567Z"}
{"level":"error","message":"Error fetching enhanced player stats: Do not know how to serialize a BigInt","service":"blackjack-server","stack":"TypeError: Do not know how to serialize a BigInt\n    at JSON.stringify (<anonymous>)\n    at stringify (/Users/kyle/MORBlotto/server/node_modules/express/lib/response.js:1160:12)\n    at ServerResponse.json (/Users/kyle/MORBlotto/server/node_modules/express/lib/response.js:271:14)\n    at /Users/kyle/MORBlotto/server/dist/server.js:82:21\n    at process.processTicksAndRejections (node:internal/process/task_queues:105:5)","timestamp":"2026-01-21T21:04:32.752Z"}
{"level":"error","message":"Error fetching enhanced player stats: Do not know how to serialize a BigInt","service":"blackjack-server","stack":"TypeError: Do not know how to serialize a BigInt\n    at JSON.stringify (<anonymous>)\n    at stringify (/Users/kyle/MORBlotto/server/node_modules/express/lib/response.js:1160:12)\n    at ServerResponse.json (/Users/kyle/MORBlotto/server/node_modules/express/lib/response.js:271:14)\n    at /Users/kyle/MORBlotto/server/dist/server.js:82:21\n    at process.processTicksAndRejections (node:internal/process/task_queues:105:5)","timestamp":"2026-01-21T21:04:36.832Z"}
{"level":"error","message":"Error fetching enhanced player stats: Do not know how to serialize a BigInt","service":"blackjack-server","stack":"TypeError: Do not know how to serialize a BigInt\n    at JSON.stringify (<anonymous>)\n    at stringify (/Users/kyle/MORBlotto/server/node_modules/express/lib/response.js:1160:12)\n    at ServerResponse.json (/Users/kyle/MORBlotto/server/node_modules/express/lib/response.js:271:14)\n    at /Users/kyle/MORBlotto/server/dist/server.js:82:21\n    at process.processTicksAndRejections (node:internal/process/task_queues:105:5)","timestamp":"2026-01-21T21:05:06.890Z"}
{"level":"error","message":"Error fetching enhanced player stats: Do not know how to serialize a BigInt","service":"blackjack-server","stack":"TypeError: Do not know how to serialize a BigInt\n    at JSON.stringify (<anonymous>)\n    at stringify (/Users/kyle/MORBlotto/server/node_modules/express/lib/response.js:1160:12)\n    at ServerResponse.json (/Users/kyle/MORBlotto/server/node_modules/express/lib/response.js:271:14)\n    at /Users/kyle/MORBlotto/server/dist/server.js:82:21\n    at process.processTicksAndRejections (node:internal/process/task_queues:105:5)","timestamp":"2026-01-21T21:05:07.935Z"}
{"level":"error","message":"Error fetching enhanced player stats: Do not know how to serialize a BigInt","service":"blackjack-server","stack":"TypeError: Do not know how to serialize a BigInt\n    at JSON.stringify (<anonymous>)\n    at stringify (/Users/kyle/MORBlotto/server/node_modules/express/lib/response.js:1160:12)\n    at ServerResponse.json (/Users/kyle/MORBlotto/server/node_modules/express/lib/response.js:271:14)\n    at /Users/kyle/MORBlotto/server/dist/server.js:82:21\n    at process.processTicksAndRejections (node:internal/process/task_queues:105:5)","timestamp":"2026-01-21T21:05:09.983Z"}
{"level":"error","message":"Error fetching enhanced player stats: Do not know how to serialize a BigInt","service":"blackjack-server","stack":"TypeError: Do not know how to serialize a BigInt\n    at JSON.stringify (<anonymous>)\n    at stringify (/Users/kyle/MORBlotto/server/node_modules/express/lib/response.js:1160:12)\n    at ServerResponse.json (/Users/kyle/MORBlotto/server/node_modules/express/lib/response.js:271:14)\n    at /Users/kyle/MORBlotto/server/dist/server.js:82:21\n    at process.processTicksAndRejections (node:internal/process/task_queues:105:5)","timestamp":"2026-01-21T21:05:14.029Z"}
{"level":"error","message":"Error fetching global analytics: Do not know how to serialize a BigInt","service":"blackjack-server","stack":"TypeError: Do not know how to serialize a BigInt\n    at JSON.stringify (<anonymous>)\n    at stringify (/Users/kyle/MORBlotto/server/node_modules/express/lib/response.js:1160:12)\n    at ServerResponse.json (/Users/kyle/MORBlotto/server/node_modules/express/lib/response.js:271:14)\n    at /Users/kyle/MORBlotto/server/dist/server.js:93:21\n    at process.processTicksAndRejections (node:internal/process/task_queues:105:5)","timestamp":"2026-01-21T21:05:31.631Z"}
{"level":"error","message":"Error fetching global analytics: Do not know how to serialize a BigInt","service":"blackjack-server","stack":"TypeError: Do not know how to serialize a BigInt\n    at JSON.stringify (<anonymous>)\n    at stringify (/Users/kyle/MORBlotto/server/node_modules/express/lib/response.js:1160:12)\n    at ServerResponse.json (/Users/kyle/MORBlotto/server/node_modules/express/lib/response.js:271:14)\n    at /Users/kyle/MORBlotto/server/dist/server.js:93:21\n    at process.processTicksAndRejections (node:internal/process/task_queues:105:5)","timestamp":"2026-01-21T21:05:32.675Z"}
{"level":"error","message":"Error fetching global analytics: Do not know how to serialize a BigInt","service":"blackjack-server","stack":"TypeError: Do not know how to serialize a BigInt\n    at JSON.stringify (<anonymous>)\n    at stringify (/Users/kyle/MORBlotto/server/node_modules/express/lib/response.js:1160:12)\n    at ServerResponse.json (/Users/kyle/MORBlotto/server/node_modules/express/lib/response.js:271:14)\n    at /Users/kyle/MORBlotto/server/dist/server.js:93:21\n    at process.processTicksAndRejections (node:internal/process/task_queues:105:5)","timestamp":"2026-01-21T21:05:34.720Z"}
{"level":"error","message":"Error fetching global analytics: Do not know how to serialize a BigInt","service":"blackjack-server","stack":"TypeError: Do not know how to serialize a BigInt\n    at JSON.stringify (<anonymous>)\n    at stringify (/Users/kyle/MORBlotto/server/node_modules/express/lib/response.js:1160:12)\n    at ServerResponse.json (/Users/kyle/MORBlotto/server/node_modules/express/lib/response.js:271:14)\n    at /Users/kyle/MORBlotto/server/dist/server.js:93:21\n    at process.processTicksAndRejections (node:internal/process/task_queues:105:5)","timestamp":"2026-01-21T21:05:38.762Z"}
{"level":"error","message":"Error fetching enhanced player stats: Do not know how to serialize a BigInt","service":"blackjack-server","stack":"TypeError: Do not know how to serialize a BigInt\n    at JSON.stringify (<anonymous>)\n    at stringify (/Users/kyle/MORBlotto/server/node_modules/express/lib/response.js:1160:12)\n    at ServerResponse.json (/Users/kyle/MORBlotto/server/node_modules/express/lib/response.js:271:14)\n    at /Users/kyle/MORBlotto/server/dist/server.js:82:21\n    at process.processTicksAndRejections (node:internal/process/task_queues:105:5)","timestamp":"2026-01-21T21:05:44.097Z"}
{"level":"error","message":"Error fetching enhanced player stats: Do not know how to serialize a BigInt","service":"blackjack-server","stack":"TypeError: Do not know how to serialize a BigInt\n    at JSON.stringify (<anonymous>)\n    at stringify (/Users/kyle/MORBlotto/server/node_modules/express/lib/response.js:1160:12)\n    at ServerResponse.json (/Users/kyle/MORBlotto/server/node_modules/express/lib/response.js:271:14)\n    at /Users/kyle/MORBlotto/server/dist/server.js:82:21\n    at process.processTicksAndRejections (node:internal/process/task_queues:105:5)","timestamp":"2026-01-21T21:05:45.172Z"}
{"level":"error","message":"Error fetching global analytics: Do not know how to serialize a BigInt","service":"blackjack-server","stack":"TypeError: Do not know how to serialize a BigInt\n    at JSON.stringify (<anonymous>)\n    at stringify (/Users/kyle/MORBlotto/server/node_modules/express/lib/response.js:1160:12)\n    at ServerResponse.json (/Users/kyle/MORBlotto/server/node_modules/express/lib/response.js:271:14)\n    at /Users/kyle/MORBlotto/server/dist/server.js:93:21\n    at process.processTicksAndRejections (node:internal/process/task_queues:105:5)","timestamp":"2026-01-21T21:05:45.868Z"}
{"level":"error","message":"Error fetching global analytics: Do not know how to serialize a BigInt","service":"blackjack-server","stack":"TypeError: Do not know how to serialize a BigInt\n    at JSON.stringify (<anonymous>)\n    at stringify (/Users/kyle/MORBlotto/server/node_modules/express/lib/response.js:1160:12)\n    at ServerResponse.json (/Users/kyle/MORBlotto/server/node_modules/express/lib/response.js:271:14)\n    at /Users/kyle/MORBlotto/server/dist/server.js:93:21\n    at process.processTicksAndRejections (node:internal/process/task_queues:105:5)","timestamp":"2026-01-21T21:05:46.938Z"}
{"connectionId":"01076128-c6b6-445c-89e5-0c7e091325ce","level":"info","message":"WebSocket connection established","playerAddress":"0xb6B3b6b3F5605B276B6347bB1cC34c3532362378","playerId":"a5e502f9-51a5-418f-91bb-569cb9ce7e16","service":"blackjack-server","timestamp":"2026-01-21T21:07:08.353Z"}
{"connectionId":"01076128-c6b6-445c-89e5-0c7e091325ce","level":"info","message":"WebSocket connection closed","service":"blackjack-server","timestamp":"2026-01-21T21:10:44.800Z"}
{"connectionId":"67752a1f-0288-4312-b9c8-6843c6ebf692","level":"info","message":"WebSocket connection established","playerAddress":"0xb6B3b6b3F5605B276B6347bB1cC34c3532362378","playerId":"a5e502f9-51a5-418f-91bb-569cb9ce7e16","service":"blackjack-server","timestamp":"2026-01-21T21:10:45.914Z"}
{"connectionId":"67752a1f-0288-4312-b9c8-6843c6ebf692","level":"info","message":"WebSocket connection closed","service":"blackjack-server","timestamp":"2026-01-21T21:11:13.719Z"}
{"connectionId":"bde9e411-15b7-4716-a3c8-87d3b3e7fa6e","level":"info","message":"WebSocket connection established","playerAddress":"0xb6B3b6b3F5605B276B6347bB1cC34c3532362378","playerId":"a5e502f9-51a5-418f-91bb-569cb9ce7e16","service":"blackjack-server","timestamp":"2026-01-21T21:11:14.873Z"}
{"connectionId":"bde9e411-15b7-4716-a3c8-87d3b3e7fa6e","level":"info","message":"WebSocket connection closed","service":"blackjack-server","timestamp":"2026-01-21T21:11:17.914Z"}
{"connectionId":"d6a596dd-381c-44b2-be5b-51254110d660","level":"info","message":"WebSocket connection established","playerAddress":"0xb6B3b6b3F5605B276B6347bB1cC34c3532362378","playerId":"a5e502f9-51a5-418f-91bb-569cb9ce7e16","service":"blackjack-server","timestamp":"2026-01-21T21:11:19.092Z"}
{"level":"error","message":"Error fetching global analytics: Do not know how to serialize a BigInt","service":"blackjack-server","stack":"TypeError: Do not know how to serialize a BigInt\n    at JSON.stringify (<anonymous>)\n    at stringify (/Users/kyle/MORBlotto/server/node_modules/express/lib/response.js:1160:12)\n    at ServerResponse.json (/Users/kyle/MORBlotto/server/node_modules/express/lib/response.js:271:14)\n    at /Users/kyle/MORBlotto/server/dist/server.js:93:21\n    at process.processTicksAndRejections (node:internal/process/task_queues:105:5)","timestamp":"2026-01-21T21:12:07.467Z"}
{"level":"error","message":"Error fetching global analytics: Do not know how to serialize a BigInt","service":"blackjack-server","stack":"TypeError: Do not know how to serialize a BigInt\n    at JSON.stringify (<anonymous>)\n    at stringify (/Users/kyle/MORBlotto/server/node_modules/express/lib/response.js:1160:12)\n    at ServerResponse.json (/Users/kyle/MORBlotto/server/node_modules/express/lib/response.js:271:14)\n    at /Users/kyle/MORBlotto/server/dist/server.js:93:21\n    at process.processTicksAndRejections (node:internal/process/task_queues:105:5)","timestamp":"2026-01-21T21:12:08.539Z"}
{"level":"error","message":"Error fetching global analytics: Do not know how to serialize a BigInt","service":"blackjack-server","stack":"TypeError: Do not know how to serialize a BigInt\n    at JSON.stringify (<anonymous>)\n    at stringify (/Users/kyle/MORBlotto/server/node_modules/express/lib/response.js:1160:12)\n    at ServerResponse.json (/Users/kyle/MORBlotto/server/node_modules/express/lib/response.js:271:14)\n    at /Users/kyle/MORBlotto/server/dist/server.js:93:21\n    at process.processTicksAndRejections (node:internal/process/task_queues:105:5)","timestamp":"2026-01-21T21:12:10.583Z"}
{"level":"error","message":"Error fetching global analytics: Do not know how to serialize a BigInt","service":"blackjack-server","stack":"TypeError: Do not know how to serialize a BigInt\n    at JSON.stringify (<anonymous>)\n    at stringify (/Users/kyle/MORBlotto/server/node_modules/express/lib/response.js:1160:12)\n    at ServerResponse.json (/Users/kyle/MORBlotto/server/node_modules/express/lib/response.js:271:14)\n    at /Users/kyle/MORBlotto/server/dist/server.js:93:21\n    at process.processTicksAndRejections (node:internal/process/task_queues:105:5)","timestamp":"2026-01-21T21:12:14.633Z"}
{"level":"error","message":"Error fetching enhanced player stats: Do not know how to serialize a BigInt","service":"blackjack-server","stack":"TypeError: Do not know how to serialize a BigInt\n    at JSON.stringify (<anonymous>)\n    at stringify (/Users/kyle/MORBlotto/server/node_modules/express/lib/response.js:1160:12)\n    at ServerResponse.json (/Users/kyle/MORBlotto/server/node_modules/express/lib/response.js:271:14)\n    at /Users/kyle/MORBlotto/server/dist/server.js:82:21\n    at process.processTicksAndRejections (node:internal/process/task_queues:105:5)","timestamp":"2026-01-21T21:12:32.170Z"}
{"level":"error","message":"Error fetching enhanced player stats: Do not know how to serialize a BigInt","service":"blackjack-server","stack":"TypeError: Do not know how to serialize a BigInt\n    at JSON.stringify (<anonymous>)\n    at stringify (/Users/kyle/MORBlotto/server/node_modules/express/lib/response.js:1160:12)\n    at ServerResponse.json (/Users/kyle/MORBlotto/server/node_modules/express/lib/response.js:271:14)\n    at /Users/kyle/MORBlotto/server/dist/server.js:82:21\n    at process.processTicksAndRejections (node:internal/process/task_queues:105:5)","timestamp":"2026-01-21T21:12:33.262Z"}
{"level":"error","message":"Error fetching enhanced player stats: Do not know how to serialize a BigInt","service":"blackjack-server","stack":"TypeError: Do not know how to serialize a BigInt\n    at JSON.stringify (<anonymous>)\n    at stringify (/Users/kyle/MORBlotto/server/node_modules/express/lib/response.js:1160:12)\n    at ServerResponse.json (/Users/kyle/MORBlotto/server/node_modules/express/lib/response.js:271:14)\n    at /Users/kyle/MORBlotto/server/dist/server.js:82:21\n    at process.processTicksAndRejections (node:internal/process/task_queues:105:5)","timestamp":"2026-01-21T21:12:35.308Z"}
{"level":"error","message":"Error fetching enhanced player stats: Do not know how to serialize a BigInt","service":"blackjack-server","stack":"TypeError: Do not know how to serialize a BigInt\n    at JSON.stringify (<anonymous>)\n    at stringify (/Users/kyle/MORBlotto/server/node_modules/express/lib/response.js:1160:12)\n    at ServerResponse.json (/Users/kyle/MORBlotto/server/node_modules/express/lib/response.js:271:14)\n    at /Users/kyle/MORBlotto/server/dist/server.js:82:21\n    at process.processTicksAndRejections (node:internal/process/task_queues:105:5)","timestamp":"2026-01-21T21:12:39.357Z"}
{"level":"error","message":"Error fetching enhanced player stats: Do not know how to serialize a BigInt","service":"blackjack-server","stack":"TypeError: Do not know how to serialize a BigInt\n    at JSON.stringify (<anonymous>)\n    at stringify (/Users/kyle/MORBlotto/server/node_modules/express/lib/response.js:1160:12)\n    at ServerResponse.json (/Users/kyle/MORBlotto/server/node_modules/express/lib/response.js:271:14)\n    at /Users/kyle/MORBlotto/server/dist/server.js:82:21\n    at process.processTicksAndRejections (node:internal/process/task_queues:105:5)","timestamp":"2026-01-21T21:13:09.417Z"}
{"level":"error","message":"Error fetching enhanced player stats: Do not know how to serialize a BigInt","service":"blackjack-server","stack":"TypeError: Do not know how to serialize a BigInt\n    at JSON.stringify (<anonymous>)\n    at stringify (/Users/kyle/MORBlotto/server/node_modules/express/lib/response.js:1160:12)\n    at ServerResponse.json (/Users/kyle/MORBlotto/server/node_modules/express/lib/response.js:271:14)\n    at /Users/kyle/MORBlotto/server/dist/server.js:82:21\n    at process.processTicksAndRejections (node:internal/process/task_queues:105:5)","timestamp":"2026-01-21T21:13:10.472Z"}
{"level":"error","message":"Error fetching enhanced player stats: Do not know how to serialize a BigInt","service":"blackjack-server","stack":"TypeError: Do not know how to serialize a BigInt\n    at JSON.stringify (<anonymous>)\n    at stringify (/Users/kyle/MORBlotto/server/node_modules/express/lib/response.js:1160:12)\n    at ServerResponse.json (/Users/kyle/MORBlotto/server/node_modules/express/lib/response.js:271:14)\n    at /Users/kyle/MORBlotto/server/dist/server.js:82:21\n    at process.processTicksAndRejections (node:internal/process/task_queues:105:5)","timestamp":"2026-01-21T21:13:12.520Z"}
{"level":"error","message":"Error fetching global analytics: Do not know how to serialize a BigInt","service":"blackjack-server","stack":"TypeError: Do not know how to serialize a BigInt\n    at JSON.stringify (<anonymous>)\n    at stringify (/Users/kyle/MORBlotto/server/node_modules/express/lib/response.js:1160:12)\n    at ServerResponse.json (/Users/kyle/MORBlotto/server/node_modules/express/lib/response.js:271:14)\n    at /Users/kyle/MORBlotto/server/dist/server.js:93:21\n    at process.processTicksAndRejections (node:internal/process/task_queues:105:5)","timestamp":"2026-01-21T21:13:14.706Z"}
{"level":"error","message":"Error fetching global analytics: Do not know how to serialize a BigInt","service":"blackjack-server","stack":"TypeError: Do not know how to serialize a BigInt\n    at JSON.stringify (<anonymous>)\n    at stringify (/Users/kyle/MORBlotto/server/node_modules/express/lib/response.js:1160:12)\n    at ServerResponse.json (/Users/kyle/MORBlotto/server/node_modules/express/lib/response.js:271:14)\n    at /Users/kyle/MORBlotto/server/dist/server.js:93:21\n    at process.processTicksAndRejections (node:internal/process/task_queues:105:5)","timestamp":"2026-01-21T21:13:15.760Z"}
{"level":"error","message":"Error fetching enhanced player stats: Do not know how to serialize a BigInt","service":"blackjack-server","stack":"TypeError: Do not know how to serialize a BigInt\n    at JSON.stringify (<anonymous>)\n    at stringify (/Users/kyle/MORBlotto/server/node_modules/express/lib/response.js:1160:12)\n    at ServerResponse.json (/Users/kyle/MORBlotto/server/node_modules/express/lib/response.js:271:14)\n    at /Users/kyle/MORBlotto/server/dist/server.js:82:21\n    at process.processTicksAndRejections (node:internal/process/task_queues:105:5)","timestamp":"2026-01-21T21:13:16.573Z"}
{"level":"error","message":"Error fetching global analytics: Do not know how to serialize a BigInt","service":"blackjack-server","stack":"TypeError: Do not know how to serialize a BigInt\n    at JSON.stringify (<anonymous>)\n    at stringify (/Users/kyle/MORBlotto/server/node_modules/express/lib/response.js:1160:12)\n    at ServerResponse.json (/Users/kyle/MORBlotto/server/node_modules/express/lib/response.js:271:14)\n    at /Users/kyle/MORBlotto/server/dist/server.js:93:21\n    at process.processTicksAndRejections (node:internal/process/task_queues:105:5)","timestamp":"2026-01-21T21:13:17.813Z"}
{"level":"error","message":"Error fetching enhanced player stats: Do not know how to serialize a BigInt","service":"blackjack-server","stack":"TypeError: Do not know how to serialize a BigInt\n    at JSON.stringify (<anonymous>)\n    at stringify (/Users/kyle/MORBlotto/server/node_modules/express/lib/response.js:1160:12)\n    at ServerResponse.json (/Users/kyle/MORBlotto/server/node_modules/express/lib/response.js:271:14)\n    at /Users/kyle/MORBlotto/server/dist/server.js:82:21\n    at process.processTicksAndRejections (node:internal/process/task_queues:105:5)","timestamp":"2026-01-21T21:13:21.312Z"}
{"level":"error","message":"Error fetching global analytics: Do not know how to serialize a BigInt","service":"blackjack-server","stack":"TypeError: Do not know how to serialize a BigInt\n    at JSON.stringify (<anonymous>)\n    at stringify (/Users/kyle/MORBlotto/server/node_modules/express/lib/response.js:1160:12)\n    at ServerResponse.json (/Users/kyle/MORBlotto/server/node_modules/express/lib/response.js:271:14)\n    at /Users/kyle/MORBlotto/server/dist/server.js:93:21\n    at process.processTicksAndRejections (node:internal/process/task_queues:105:5)","timestamp":"2026-01-21T21:13:21.896Z"}
{"level":"error","message":"Error fetching enhanced player stats: Do not know how to serialize a BigInt","service":"blackjack-server","stack":"TypeError: Do not know how to serialize a BigInt\n    at JSON.stringify (<anonymous>)\n    at stringify (/Users/kyle/MORBlotto/server/node_modules/express/lib/response.js:1160:12)\n    at ServerResponse.json (/Users/kyle/MORBlotto/server/node_modules/express/lib/response.js:271:14)\n    at /Users/kyle/MORBlotto/server/dist/server.js:82:21\n    at process.processTicksAndRejections (node:internal/process/task_queues:105:5)","timestamp":"2026-01-21T21:13:22.378Z"}
{"level":"error","message":"Error fetching enhanced player stats: Do not know how to serialize a BigInt","service":"blackjack-server","stack":"TypeError: Do not know how to serialize a BigInt\n    at JSON.stringify (<anonymous>)\n    at stringify (/Users/kyle/MORBlotto/server/node_modules/express/lib/response.js:1160:12)\n    at ServerResponse.json (/Users/kyle/MORBlotto/server/node_modules/express/lib/response.js:271:14)\n    at /Users/kyle/MORBlotto/server/dist/server.js:82:21\n    at process.processTicksAndRejections (node:internal/process/task_queues:105:5)","timestamp":"2026-01-21T21:13:24.452Z"}
{"level":"error","message":"Error fetching global analytics: Do not know how to serialize a BigInt","service":"blackjack-server","stack":"TypeError: Do not know how to serialize a BigInt\n    at JSON.stringify (<anonymous>)\n    at stringify (/Users/kyle/MORBlotto/server/node_modules/express/lib/response.js:1160:12)\n    at ServerResponse.json (/Users/kyle/MORBlotto/server/node_modules/express/lib/response.js:271:14)\n    at /Users/kyle/MORBlotto/server/dist/server.js:93:21\n    at process.processTicksAndRejections (node:internal/process/task_queues:105:5)","timestamp":"2026-01-21T21:13:25.823Z"}
{"level":"error","message":"Error fetching global analytics: Do not know how to serialize a BigInt","service":"blackjack-server","stack":"TypeError: Do not know how to serialize a BigInt\n    at JSON.stringify (<anonymous>)\n    at stringify (/Users/kyle/MORBlotto/server/node_modules/express/lib/response.js:1160:12)\n    at ServerResponse.json (/Users/kyle/MORBlotto/server/node_modules/express/lib/response.js:271:14)\n    at /Users/kyle/MORBlotto/server/dist/server.js:93:21\n    at process.processTicksAndRejections (node:internal/process/task_queues:105:5)","timestamp":"2026-01-21T21:13:26.894Z"}
{"level":"error","message":"Error fetching enhanced player stats: Do not know how to serialize a BigInt","service":"blackjack-server","stack":"TypeError: Do not know how to serialize a BigInt\n    at JSON.stringify (<anonymous>)\n    at stringify (/Users/kyle/MORBlotto/server/node_modules/express/lib/response.js:1160:12)\n    at ServerResponse.json (/Users/kyle/MORBlotto/server/node_modules/express/lib/response.js:271:14)\n    at /Users/kyle/MORBlotto/server/dist/server.js:82:21\n    at process.processTicksAndRejections (node:internal/process/task_queues:105:5)","timestamp":"2026-01-21T21:13:28.553Z"}
{"level":"error","message":"Error fetching global analytics: Do not know how to serialize a BigInt","service":"blackjack-server","stack":"TypeError: Do not know how to serialize a BigInt\n    at JSON.stringify (<anonymous>)\n    at stringify (/Users/kyle/MORBlotto/server/node_modules/express/lib/response.js:1160:12)\n    at ServerResponse.json (/Users/kyle/MORBlotto/server/node_modules/express/lib/response.js:271:14)\n    at /Users/kyle/MORBlotto/server/dist/server.js:93:21\n    at process.processTicksAndRejections (node:internal/process/task_queues:105:5)","timestamp":"2026-01-21T21:13:28.962Z"}
{"level":"error","message":"Error fetching global analytics: Do not know how to serialize a BigInt","service":"blackjack-server","stack":"TypeError: Do not know how to serialize a BigInt\n    at JSON.stringify (<anonymous>)\n    at stringify (/Users/kyle/MORBlotto/server/node_modules/express/lib/response.js:1160:12)\n    at ServerResponse.json (/Users/kyle/MORBlotto/server/node_modules/express/lib/response.js:271:14)\n    at /Users/kyle/MORBlotto/server/dist/server.js:93:21\n    at process.processTicksAndRejections (node:internal/process/task_queues:105:5)","timestamp":"2026-01-21T21:13:33.030Z"}
{"level":"error","message":"Error fetching enhanced player stats: Do not know how to serialize a BigInt","service":"blackjack-server","stack":"TypeError: Do not know how to serialize a BigInt\n    at JSON.stringify (<anonymous>)\n    at stringify (/Users/kyle/MORBlotto/server/node_modules/express/lib/response.js:1160:12)\n    at ServerResponse.json (/Users/kyle/MORBlotto/server/node_modules/express/lib/response.js:271:14)\n    at /Users/kyle/MORBlotto/server/dist/server.js:82:21\n    at process.processTicksAndRejections (node:internal/process/task_queues:105:5)","timestamp":"2026-01-21T21:13:58.624Z"}
{"level":"error","message":"Error fetching enhanced player stats: Do not know how to serialize a BigInt","service":"blackjack-server","stack":"TypeError: Do not know how to serialize a BigInt\n    at JSON.stringify (<anonymous>)\n    at stringify (/Users/kyle/MORBlotto/server/node_modules/express/lib/response.js:1160:12)\n    at ServerResponse.json (/Users/kyle/MORBlotto/server/node_modules/express/lib/response.js:271:14)\n    at /Users/kyle/MORBlotto/server/dist/server.js:82:21\n    at process.processTicksAndRejections (node:internal/process/task_queues:105:5)","timestamp":"2026-01-21T21:14:00.079Z"}
{"level":"error","message":"Error fetching enhanced player stats: Do not know how to serialize a BigInt","service":"blackjack-server","stack":"TypeError: Do not know how to serialize a BigInt\n    at JSON.stringify (<anonymous>)\n    at stringify (/Users/kyle/MORBlotto/server/node_modules/express/lib/response.js:1160:12)\n    at ServerResponse.json (/Users/kyle/MORBlotto/server/node_modules/express/lib/response.js:271:14)\n    at /Users/kyle/MORBlotto/server/dist/server.js:82:21\n    at process.processTicksAndRejections (node:internal/process/task_queues:105:5)","timestamp":"2026-01-21T21:14:02.125Z"}
{"level":"error","message":"Error fetching enhanced player stats: Do not know how to serialize a BigInt","service":"blackjack-server","stack":"TypeError: Do not know how to serialize a BigInt\n    at JSON.stringify (<anonymous>)\n    at stringify (/Users/kyle/MORBlotto/server/node_modules/express/lib/response.js:1160:12)\n    at ServerResponse.json (/Users/kyle/MORBlotto/server/node_modules/express/lib/response.js:271:14)\n    at /Users/kyle/MORBlotto/server/dist/server.js:82:21\n    at process.processTicksAndRejections (node:internal/process/task_queues:105:5)","timestamp":"2026-01-21T21:14:06.184Z"}
{"level":"info","message":"Database connected successfully","service":"blackjack-server","timestamp":"2026-01-21T21:14:49.618Z"}
{"level":"info","message":"WebSocket service initialized","service":"blackjack-server","timestamp":"2026-01-21T21:14:49.620Z"}
{"level":"info","message":"Blackjack server running on port 3001","service":"blackjack-server","timestamp":"2026-01-21T21:14:49.622Z"}
{"level":"info","message":"WebSocket server initialized","service":"blackjack-server","timestamp":"2026-01-21T21:14:49.622Z"}
{"level":"info","message":"Database connected","service":"blackjack-server","timestamp":"2026-01-21T21:14:49.622Z"}
{"level":"error","message":"Error fetching global analytics: Do not know how to serialize a BigInt","service":"blackjack-server","stack":"TypeError: Do not know how to serialize a BigInt\n    at JSON.stringify (<anonymous>)\n    at stringify (/Users/kyle/MORBlotto/server/node_modules/express/lib/response.js:1160:12)\n    at ServerResponse.json (/Users/kyle/MORBlotto/server/node_modules/express/lib/response.js:271:14)\n    at /Users/kyle/MORBlotto/server/dist/server.js:93:21\n    at process.processTicksAndRejections (node:internal/process/task_queues:105:5)","timestamp":"2026-01-21T21:14:53.948Z"}
{"level":"error","message":"Error fetching enhanced player stats: Do not know how to serialize a BigInt","service":"blackjack-server","stack":"TypeError: Do not know how to serialize a BigInt\n    at JSON.stringify (<anonymous>)\n    at stringify (/Users/kyle/MORBlotto/server/node_modules/express/lib/response.js:1160:12)\n    at ServerResponse.json (/Users/kyle/MORBlotto/server/node_modules/express/lib/response.js:271:14)\n    at /Users/kyle/MORBlotto/server/dist/server.js:82:21\n    at process.processTicksAndRejections (node:internal/process/task_queues:105:5)","timestamp":"2026-01-21T21:14:54.300Z"}
{"connectionId":"c8d3133e-b0e8-4fc9-af1a-92f16584c7c9","level":"info","message":"WebSocket connection established","playerAddress":"0xb6B3b6b3F5605B276B6347bB1cC34c3532362378","playerId":"a5e502f9-51a5-418f-91bb-569cb9ce7e16","service":"blackjack-server","timestamp":"2026-01-21T21:14:54.445Z"}
{"level":"error","message":"Error fetching global analytics: Do not know how to serialize a BigInt","service":"blackjack-server","stack":"TypeError: Do not know how to serialize a BigInt\n    at JSON.stringify (<anonymous>)\n    at stringify (/Users/kyle/MORBlotto/server/node_modules/express/lib/response.js:1160:12)\n    at ServerResponse.json (/Users/kyle/MORBlotto/server/node_modules/express/lib/response.js:271:14)\n    at /Users/kyle/MORBlotto/server/dist/server.js:93:21\n    at process.processTicksAndRejections (node:internal/process/task_queues:105:5)","timestamp":"2026-01-21T21:14:55.111Z"}
{"level":"error","message":"Error fetching enhanced player stats: Do not know how to serialize a BigInt","service":"blackjack-server","stack":"TypeError: Do not know how to serialize a BigInt\n    at JSON.stringify (<anonymous>)\n    at stringify (/Users/kyle/MORBlotto/server/node_modules/express/lib/response.js:1160:12)\n    at ServerResponse.json (/Users/kyle/MORBlotto/server/node_modules/express/lib/response.js:271:14)\n    at /Users/kyle/MORBlotto/server/dist/server.js:82:21\n    at process.processTicksAndRejections (node:internal/process/task_queues:105:5)","timestamp":"2026-01-21T21:14:55.457Z"}
{"level":"error","message":"Error fetching global analytics: Do not know how to serialize a BigInt","service":"blackjack-server","stack":"TypeError: Do not know how to serialize a BigInt\n    at JSON.stringify (<anonymous>)\n    at stringify (/Users/kyle/MORBlotto/server/node_modules/express/lib/response.js:1160:12)\n    at ServerResponse.json (/Users/kyle/MORBlotto/server/node_modules/express/lib/response.js:271:14)\n    at /Users/kyle/MORBlotto/server/dist/server.js:93:21\n    at process.processTicksAndRejections (node:internal/process/task_queues:105:5)","timestamp":"2026-01-21T21:14:57.177Z"}
{"level":"error","message":"Error fetching enhanced player stats: Do not know how to serialize a BigInt","service":"blackjack-server","stack":"TypeError: Do not know how to serialize a BigInt\n    at JSON.stringify (<anonymous>)\n    at stringify (/Users/kyle/MORBlotto/server/node_modules/express/lib/response.js:1160:12)\n    at ServerResponse.json (/Users/kyle/MORBlotto/server/node_modules/express/lib/response.js:271:14)\n    at /Users/kyle/MORBlotto/server/dist/server.js:82:21\n    at process.processTicksAndRejections (node:internal/process/task_queues:105:5)","timestamp":"2026-01-21T21:14:57.527Z"}
{"level":"error","message":"Error fetching global analytics: Do not know how to serialize a BigInt","service":"blackjack-server","stack":"TypeError: Do not know how to serialize a BigInt\n    at JSON.stringify (<anonymous>)\n    at stringify (/Users/kyle/MORBlotto/server/node_modules/express/lib/response.js:1160:12)\n    at ServerResponse.json (/Users/kyle/MORBlotto/server/node_modules/express/lib/response.js:271:14)\n    at /Users/kyle/MORBlotto/server/dist/server.js:93:21\n    at process.processTicksAndRejections (node:internal/process/task_queues:105:5)","timestamp":"2026-01-21T21:15:01.236Z"}
{"level":"error","message":"Error fetching enhanced player stats: Do not know how to serialize a BigInt","service":"blackjack-server","stack":"TypeError: Do not know how to serialize a BigInt\n    at JSON.stringify (<anonymous>)\n    at stringify (/Users/kyle/MORBlotto/server/node_modules/express/lib/response.js:1160:12)\n    at ServerResponse.json (/Users/kyle/MORBlotto/server/node_modules/express/lib/response.js:271:14)\n    at /Users/kyle/MORBlotto/server/dist/server.js:82:21\n    at process.processTicksAndRejections (node:internal/process/task_queues:105:5)","timestamp":"2026-01-21T21:15:01.572Z"}
{"connectionId":"c8d3133e-b0e8-4fc9-af1a-92f16584c7c9","level":"info","message":"WebSocket connection closed","service":"blackjack-server","timestamp":"2026-01-21T21:15:06.129Z"}
{"level":"error","message":"Error fetching global analytics: Do not know how to serialize a BigInt","service":"blackjack-server","stack":"TypeError: Do not know how to serialize a BigInt\n    at JSON.stringify (<anonymous>)\n    at stringify (/Users/kyle/MORBlotto/server/node_modules/express/lib/response.js:1160:12)\n    at ServerResponse.json (/Users/kyle/MORBlotto/server/node_modules/express/lib/response.js:271:14)\n    at /Users/kyle/MORBlotto/server/dist/server.js:93:21\n    at process.processTicksAndRejections (node:internal/process/task_queues:105:5)","timestamp":"2026-01-21T21:15:06.825Z"}
{"level":"error","message":"Error fetching enhanced player stats: Do not know how to serialize a BigInt","service":"blackjack-server","stack":"TypeError: Do not know how to serialize a BigInt\n    at JSON.stringify (<anonymous>)\n    at stringify (/Users/kyle/MORBlotto/server/node_modules/express/lib/response.js:1160:12)\n    at ServerResponse.json (/Users/kyle/MORBlotto/server/node_modules/express/lib/response.js:271:14)\n    at /Users/kyle/MORBlotto/server/dist/server.js:82:21\n    at process.processTicksAndRejections (node:internal/process/task_queues:105:5)","timestamp":"2026-01-21T21:15:06.962Z"}
{"connectionId":"12d6bcfb-4af2-494a-99e1-f8b276e87b66","level":"info","message":"WebSocket connection established","playerAddress":"0xb6B3b6b3F5605B276B6347bB1cC34c3532362378","playerId":"a5e502f9-51a5-418f-91bb-569cb9ce7e16","service":"blackjack-server","timestamp":"2026-01-21T21:15:07.031Z"}
{"level":"error","message":"Error fetching global analytics: Do not know how to serialize a BigInt","service":"blackjack-server","stack":"TypeError: Do not know how to serialize a BigInt\n    at JSON.stringify (<anonymous>)\n    at stringify (/Users/kyle/MORBlotto/server/node_modules/express/lib/response.js:1160:12)\n    at ServerResponse.json (/Users/kyle/MORBlotto/server/node_modules/express/lib/response.js:271:14)\n    at /Users/kyle/MORBlotto/server/dist/server.js:93:21\n    at process.processTicksAndRejections (node:internal/process/task_queues:105:5)","timestamp":"2026-01-21T21:15:07.923Z"}
{"level":"error","message":"Error fetching enhanced player stats: Do not know how to serialize a BigInt","service":"blackjack-server","stack":"TypeError: Do not know how to serialize a BigInt\n    at JSON.stringify (<anonymous>)\n    at stringify (/Users/kyle/MORBlotto/server/node_modules/express/lib/response.js:1160:12)\n    at ServerResponse.json (/Users/kyle/MORBlotto/server/node_modules/express/lib/response.js:271:14)\n    at /Users/kyle/MORBlotto/server/dist/server.js:82:21\n    at process.processTicksAndRejections (node:internal/process/task_queues:105:5)","timestamp":"2026-01-21T21:15:08.017Z"}
{"level":"error","message":"Error fetching global analytics: Do not know how to serialize a BigInt","service":"blackjack-server","stack":"TypeError: Do not know how to serialize a BigInt\n    at JSON.stringify (<anonymous>)\n    at stringify (/Users/kyle/MORBlotto/server/node_modules/express/lib/response.js:1160:12)\n    at ServerResponse.json (/Users/kyle/MORBlotto/server/node_modules/express/lib/response.js:271:14)\n    at /Users/kyle/MORBlotto/server/dist/server.js:93:21\n    at process.processTicksAndRejections (node:internal/process/task_queues:105:5)","timestamp":"2026-01-21T21:15:09.967Z"}
{"level":"error","message":"Error fetching enhanced player stats: Do not know how to serialize a BigInt","service":"blackjack-server","stack":"TypeError: Do not know how to serialize a BigInt\n    at JSON.stringify (<anonymous>)\n    at stringify (/Users/kyle/MORBlotto/server/node_modules/express/lib/response.js:1160:12)\n    at ServerResponse.json (/Users/kyle/MORBlotto/server/node_modules/express/lib/response.js:271:14)\n    at /Users/kyle/MORBlotto/server/dist/server.js:82:21\n    at process.processTicksAndRejections (node:internal/process/task_queues:105:5)","timestamp":"2026-01-21T21:15:10.060Z"}
{"level":"error","message":"Error fetching global analytics: Do not know how to serialize a BigInt","service":"blackjack-server","stack":"TypeError: Do not know how to serialize a BigInt\n    at JSON.stringify (<anonymous>)\n    at stringify (/Users/kyle/MORBlotto/server/node_modules/express/lib/response.js:1160:12)\n    at ServerResponse.json (/Users/kyle/MORBlotto/server/node_modules/express/lib/response.js:271:14)\n    at /Users/kyle/MORBlotto/server/dist/server.js:93:21\n    at process.processTicksAndRejections (node:internal/process/task_queues:105:5)","timestamp":"2026-01-21T21:15:14.013Z"}
{"level":"error","message":"Error fetching enhanced player stats: Do not know how to serialize a BigInt","service":"blackjack-server","stack":"TypeError: Do not know how to serialize a BigInt\n    at JSON.stringify (<anonymous>)\n    at stringify (/Users/kyle/MORBlotto/server/node_modules/express/lib/response.js:1160:12)\n    at ServerResponse.json (/Users/kyle/MORBlotto/server/node_modules/express/lib/response.js:271:14)\n    at /Users/kyle/MORBlotto/server/dist/server.js:82:21\n    at process.processTicksAndRejections (node:internal/process/task_queues:105:5)","timestamp":"2026-01-21T21:15:14.131Z"}
{"level":"error","message":"Error fetching enhanced player stats: Do not know how to serialize a BigInt","service":"blackjack-server","stack":"TypeError: Do not know how to serialize a BigInt\n    at JSON.stringify (<anonymous>)\n    at stringify (/Users/kyle/MORBlotto/server/node_modules/express/lib/response.js:1160:12)\n    at ServerResponse.json (/Users/kyle/MORBlotto/server/node_modules/express/lib/response.js:271:14)\n    at /Users/kyle/MORBlotto/server/dist/server.js:82:21\n    at process.processTicksAndRejections (node:internal/process/task_queues:105:5)","timestamp":"2026-01-21T21:15:44.196Z"}
{"level":"error","message":"Error fetching enhanced player stats: Do not know how to serialize a BigInt","service":"blackjack-server","stack":"TypeError: Do not know how to serialize a BigInt\n    at JSON.stringify (<anonymous>)\n    at stringify (/Users/kyle/MORBlotto/server/node_modules/express/lib/response.js:1160:12)\n    at ServerResponse.json (/Users/kyle/MORBlotto/server/node_modules/express/lib/response.js:271:14)\n    at /Users/kyle/MORBlotto/server/dist/server.js:82:21\n    at process.processTicksAndRejections (node:internal/process/task_queues:105:5)","timestamp":"2026-01-21T21:15:45.260Z"}
{"level":"error","message":"Error fetching enhanced player stats: Do not know how to serialize a BigInt","service":"blackjack-server","stack":"TypeError: Do not know how to serialize a BigInt\n    at JSON.stringify (<anonymous>)\n    at stringify (/Users/kyle/MORBlotto/server/node_modules/express/lib/response.js:1160:12)\n    at ServerResponse.json (/Users/kyle/MORBlotto/server/node_modules/express/lib/response.js:271:14)\n    at /Users/kyle/MORBlotto/server/dist/server.js:82:21\n    at process.processTicksAndRejections (node:internal/process/task_queues:105:5)","timestamp":"2026-01-21T21:15:47.323Z"}
{"level":"error","message":"Error fetching enhanced player stats: Do not know how to serialize a BigInt","service":"blackjack-server","stack":"TypeError: Do not know how to serialize a BigInt\n    at JSON.stringify (<anonymous>)\n    at stringify (/Users/kyle/MORBlotto/server/node_modules/express/lib/response.js:1160:12)\n    at ServerResponse.json (/Users/kyle/MORBlotto/server/node_modules/express/lib/response.js:271:14)\n    at /Users/kyle/MORBlotto/server/dist/server.js:82:21\n    at process.processTicksAndRejections (node:internal/process/task_queues:105:5)","timestamp":"2026-01-21T21:15:51.381Z"}
{"level":"error","message":"Error fetching global analytics: Do not know how to serialize a BigInt","service":"blackjack-server","stack":"TypeError: Do not know how to serialize a BigInt\n    at JSON.stringify (<anonymous>)\n    at stringify (/Users/kyle/MORBlotto/server/node_modules/express/lib/response.js:1160:12)\n    at ServerResponse.json (/Users/kyle/MORBlotto/server/node_modules/express/lib/response.js:271:14)\n    at /Users/kyle/MORBlotto/server/dist/server.js:93:21\n    at process.processTicksAndRejections (node:internal/process/task_queues:105:5)","timestamp":"2026-01-21T21:16:14.071Z"}
{"level":"error","message":"Error fetching global analytics: Do not know how to serialize a BigInt","service":"blackjack-server","stack":"TypeError: Do not know how to serialize a BigInt\n    at JSON.stringify (<anonymous>)\n    at stringify (/Users/kyle/MORBlotto/server/node_modules/express/lib/response.js:1160:12)\n    at ServerResponse.json (/Users/kyle/MORBlotto/server/node_modules/express/lib/response.js:271:14)\n    at /Users/kyle/MORBlotto/server/dist/server.js:93:21\n    at process.processTicksAndRejections (node:internal/process/task_queues:105:5)","timestamp":"2026-01-21T21:16:15.155Z"}
{"level":"error","message":"Error fetching global analytics: Do not know how to serialize a BigInt","service":"blackjack-server","stack":"TypeError: Do not know how to serialize a BigInt\n    at JSON.stringify (<anonymous>)\n    at stringify (/Users/kyle/MORBlotto/server/node_modules/express/lib/response.js:1160:12)\n    at ServerResponse.json (/Users/kyle/MORBlotto/server/node_modules/express/lib/response.js:271:14)\n    at /Users/kyle/MORBlotto/server/dist/server.js:93:21\n    at process.processTicksAndRejections (node:internal/process/task_queues:105:5)","timestamp":"2026-01-21T21:16:17.199Z"}
{"level":"error","message":"Error fetching global analytics: Do not know how to serialize a BigInt","service":"blackjack-server","stack":"TypeError: Do not know how to serialize a BigInt\n    at JSON.stringify (<anonymous>)\n    at stringify (/Users/kyle/MORBlotto/server/node_modules/express/lib/response.js:1160:12)\n    at ServerResponse.json (/Users/kyle/MORBlotto/server/node_modules/express/lib/response.js:271:14)\n    at /Users/kyle/MORBlotto/server/dist/server.js:93:21\n    at process.processTicksAndRejections (node:internal/process/task_queues:105:5)","timestamp":"2026-01-21T21:16:21.255Z"}
{"level":"error","message":"Error fetching enhanced player stats: Do not know how to serialize a BigInt","service":"blackjack-server","stack":"TypeError: Do not know how to serialize a BigInt\n    at JSON.stringify (<anonymous>)\n    at stringify (/Users/kyle/MORBlotto/server/node_modules/express/lib/response.js:1160:12)\n    at ServerResponse.json (/Users/kyle/MORBlotto/server/node_modules/express/lib/response.js:271:14)\n    at /Users/kyle/MORBlotto/server/dist/server.js:82:21\n    at process.processTicksAndRejections (node:internal/process/task_queues:105:5)","timestamp":"2026-01-21T21:16:21.430Z"}
{"level":"error","message":"Error fetching enhanced player stats: Do not know how to serialize a BigInt","service":"blackjack-server","stack":"TypeError: Do not know how to serialize a BigInt\n    at JSON.stringify (<anonymous>)\n    at stringify (/Users/kyle/MORBlotto/server/node_modules/express/lib/response.js:1160:12)\n    at ServerResponse.json (/Users/kyle/MORBlotto/server/node_modules/express/lib/response.js:271:14)\n    at /Users/kyle/MORBlotto/server/dist/server.js:82:21\n    at process.processTicksAndRejections (node:internal/process/task_queues:105:5)","timestamp":"2026-01-21T21:16:22.476Z"}
{"level":"error","message":"Error fetching enhanced player stats: Do not know how to serialize a BigInt","service":"blackjack-server","stack":"TypeError: Do not know how to serialize a BigInt\n    at JSON.stringify (<anonymous>)\n    at stringify (/Users/kyle/MORBlotto/server/node_modules/express/lib/response.js:1160:12)\n    at ServerResponse.json (/Users/kyle/MORBlotto/server/node_modules/express/lib/response.js:271:14)\n    at /Users/kyle/MORBlotto/server/dist/server.js:82:21\n    at process.processTicksAndRejections (node:internal/process/task_queues:105:5)","timestamp":"2026-01-21T21:16:24.532Z"}
{"level":"error","message":"Error fetching enhanced player stats: Do not know how to serialize a BigInt","service":"blackjack-server","stack":"TypeError: Do not know how to serialize a BigInt\n    at JSON.stringify (<anonymous>)\n    at stringify (/Users/kyle/MORBlotto/server/node_modules/express/lib/response.js:1160:12)\n    at ServerResponse.json (/Users/kyle/MORBlotto/server/node_modules/express/lib/response.js:271:14)\n    at /Users/kyle/MORBlotto/server/dist/server.js:82:21\n    at process.processTicksAndRejections (node:internal/process/task_queues:105:5)","timestamp":"2026-01-21T21:16:28.600Z"}
{"level":"error","message":"Error fetching enhanced player stats: Do not know how to serialize a BigInt","service":"blackjack-server","stack":"TypeError: Do not know how to serialize a BigInt\n    at JSON.stringify (<anonymous>)\n    at stringify (/Users/kyle/MORBlotto/server/node_modules/express/lib/response.js:1160:12)\n    at ServerResponse.json (/Users/kyle/MORBlotto/server/node_modules/express/lib/response.js:271:14)\n    at /Users/kyle/MORBlotto/server/dist/server.js:82:21\n    at process.processTicksAndRejections (node:internal/process/task_queues:105:5)","timestamp":"2026-01-21T21:16:58.662Z"}
{"level":"error","message":"Error fetching enhanced player stats: Do not know how to serialize a BigInt","service":"blackjack-server","stack":"TypeError: Do not know how to serialize a BigInt\n    at JSON.stringify (<anonymous>)\n    at stringify (/Users/kyle/MORBlotto/server/node_modules/express/lib/response.js:1160:12)\n    at ServerResponse.json (/Users/kyle/MORBlotto/server/node_modules/express/lib/response.js:271:14)\n    at /Users/kyle/MORBlotto/server/dist/server.js:82:21\n    at process.processTicksAndRejections (node:internal/process/task_queues:105:5)","timestamp":"2026-01-21T21:16:59.726Z"}
{"level":"error","message":"Error fetching enhanced player stats: Do not know how to serialize a BigInt","service":"blackjack-server","stack":"TypeError: Do not know how to serialize a BigInt\n    at JSON.stringify (<anonymous>)\n    at stringify (/Users/kyle/MORBlotto/server/node_modules/express/lib/response.js:1160:12)\n    at ServerResponse.json (/Users/kyle/MORBlotto/server/node_modules/express/lib/response.js:271:14)\n    at /Users/kyle/MORBlotto/server/dist/server.js:82:21\n    at process.processTicksAndRejections (node:internal/process/task_queues:105:5)","timestamp":"2026-01-21T21:17:01.778Z"}
{"level":"error","message":"Error fetching enhanced player stats: Do not know how to serialize a BigInt","service":"blackjack-server","stack":"TypeError: Do not know how to serialize a BigInt\n    at JSON.stringify (<anonymous>)\n    at stringify (/Users/kyle/MORBlotto/server/node_modules/express/lib/response.js:1160:12)\n    at ServerResponse.json (/Users/kyle/MORBlotto/server/node_modules/express/lib/response.js:271:14)\n    at /Users/kyle/MORBlotto/server/dist/server.js:82:21\n    at process.processTicksAndRejections (node:internal/process/task_queues:105:5)","timestamp":"2026-01-21T21:17:05.852Z"}
{"level":"info","message":"Database connected successfully","service":"blackjack-server","timestamp":"2026-01-21T21:21:54.798Z"}
{"level":"info","message":"WebSocket service initialized","service":"blackjack-server","timestamp":"2026-01-21T21:21:54.801Z"}
{"level":"info","message":"Blackjack server running on port 3001","service":"blackjack-server","timestamp":"2026-01-21T21:21:54.804Z"}
{"level":"info","message":"WebSocket server initialized","service":"blackjack-server","timestamp":"2026-01-21T21:21:54.804Z"}
{"level":"info","message":"Database connected","service":"blackjack-server","timestamp":"2026-01-21T21:21:54.804Z"}
{"connectionId":"af61e052-9430-4c27-90f5-499557647107","level":"info","message":"WebSocket connection established","playerAddress":"0xb6B3b6b3F5605B276B6347bB1cC34c3532362378","playerId":"a5e502f9-51a5-418f-91bb-569cb9ce7e16","service":"blackjack-server","timestamp":"2026-01-21T21:21:55.883Z"}
{"connectionId":"af61e052-9430-4c27-90f5-499557647107","level":"info","message":"WebSocket connection closed","service":"blackjack-server","timestamp":"2026-01-21T21:21:59.504Z"}
{"connectionId":"a22a75de-c1c0-467c-9f9a-deb594bb22a5","level":"info","message":"WebSocket connection established","playerAddress":"0xb6B3b6b3F5605B276B6347bB1cC34c3532362378","playerId":"a5e502f9-51a5-418f-91bb-569cb9ce7e16","service":"blackjack-server","timestamp":"2026-01-21T21:22:00.690Z"}
{"betAmount":"100000000000000000000","gameId":"ef5a25eb-cae9-4925-b3e8-1755b96348c6","hands":1,"level":"info","message":"Game created","playerAddress":"0xb6B3b6b3F5605B276B6347bB1cC34c3532362378","service":"blackjack-server","status":"player_turn","timestamp":"2026-01-21T21:22:08.671Z"}
{"level":"error","message":"Error handling player action: Game already completed","service":"blackjack-server","stack":"Error: Game already completed\n    at BlackjackGameService.handlePlayerAction (/Users/kyle/MORBlotto/server/dist/services/blackjack-game.service.js:198:23)\n    at process.processTicksAndRejections (node:internal/process/task_queues:105:5)\n    at async WebSocketService.handlePlayerAction (/Users/kyle/MORBlotto/server/dist/services/websocket.service.js:246:31)\n    at async WebSocketService.handleMessage (/Users/kyle/MORBlotto/server/dist/services/websocket.service.js:110:21)","timestamp":"2026-01-21T21:22:17.027Z"}
{"level":"error","message":"Error handling player action: Game already completed","service":"blackjack-server","stack":"Error: Game already completed\n    at BlackjackGameService.handlePlayerAction (/Users/kyle/MORBlotto/server/dist/services/blackjack-game.service.js:198:23)\n    at process.processTicksAndRejections (node:internal/process/task_queues:105:5)\n    at async WebSocketService.handlePlayerAction (/Users/kyle/MORBlotto/server/dist/services/websocket.service.js:246:31)\n    at async WebSocketService.handleMessage (/Users/kyle/MORBlotto/server/dist/services/websocket.service.js:110:21)","timestamp":"2026-01-21T21:22:17.028Z"}
{"connectionId":"a22a75de-c1c0-467c-9f9a-deb594bb22a5","level":"info","message":"WebSocket connection closed","service":"blackjack-server","timestamp":"2026-01-21T21:34:35.462Z"}
{"connectionId":"7460a9eb-c10f-41c4-a506-690bd55a8c8f","level":"info","message":"WebSocket connection established","playerAddress":"0xb6B3b6b3F5605B276B6347bB1cC34c3532362378","playerId":"a5e502f9-51a5-418f-91bb-569cb9ce7e16","service":"blackjack-server","timestamp":"2026-01-21T21:34:36.910Z"}
{"level":"info","message":"Database connected successfully","service":"blackjack-server","timestamp":"2026-01-21T21:48:13.324Z"}
{"level":"info","message":"WebSocket service initialized","service":"blackjack-server","timestamp":"2026-01-21T21:48:13.327Z"}
{"level":"info","message":"Blackjack server running on port 3001","service":"blackjack-server","timestamp":"2026-01-21T21:48:13.328Z"}
{"level":"info","message":"WebSocket server initialized","service":"blackjack-server","timestamp":"2026-01-21T21:48:13.328Z"}
{"level":"info","message":"Database connected","service":"blackjack-server","timestamp":"2026-01-21T21:48:13.329Z"}
{"connectionId":"be3923c7-1639-447f-8992-a3ac6173306e","level":"info","message":"WebSocket connection established","playerAddress":"0xb6B3b6b3F5605B276B6347bB1cC34c3532362378","playerId":"a5e502f9-51a5-418f-91bb-569cb9ce7e16","service":"blackjack-server","timestamp":"2026-01-21T21:48:20.365Z"}
{"level":"info","message":"Database connected successfully","service":"blackjack-server","timestamp":"2026-01-21T21:48:38.114Z"}
{"level":"info","message":"WebSocket service initialized","service":"blackjack-server","timestamp":"2026-01-21T21:48:38.120Z"}
{"level":"info","message":"Blackjack server running on port 3001","service":"blackjack-server","timestamp":"2026-01-21T21:48:38.124Z"}
{"level":"info","message":"WebSocket server initialized","service":"blackjack-server","timestamp":"2026-01-21T21:48:38.125Z"}
{"level":"info","message":"Database connected","service":"blackjack-server","timestamp":"2026-01-21T21:48:38.125Z"}
{"connectionId":"c5e2df5f-f081-4db1-a30f-637003b5d0b4","level":"info","message":"WebSocket connection established","playerAddress":"0xb6B3b6b3F5605B276B6347bB1cC34c3532362378","playerId":"a5e502f9-51a5-418f-91bb-569cb9ce7e16","service":"blackjack-server","timestamp":"2026-01-21T21:48:43.696Z"}
{"connectionId":"c5e2df5f-f081-4db1-a30f-637003b5d0b4","level":"info","message":"WebSocket connection closed","service":"blackjack-server","timestamp":"2026-01-21T21:48:45.596Z"}
{"connectionId":"d5c21b5e-a342-4526-9056-bf3914488574","level":"info","message":"WebSocket connection established","playerAddress":"0xb6B3b6b3F5605B276B6347bB1cC34c3532362378","playerId":"a5e502f9-51a5-418f-91bb-569cb9ce7e16","service":"blackjack-server","timestamp":"2026-01-21T21:48:46.257Z"}
{"betAmount":"100000000000000000000","expected":"91a722b321fb1991f827f69cc77e94f3bd78aa8266748ef3c0e38c52ea5b4902","level":"warn","message":"Game hash mismatch","received":"e215aa0bc47069717c458cfd95bbd51f244b7386a9c8b319e8f80894e74f07d6","seeds":{"clientSeed":"3d0ee519e743f99c42e6618072ae1807","nonce":1,"serverSeed":"f7702f875e73f2a3ad0cfb7c03ccfc5602f1fdf7ee25e0064bf5e27bb4fc4f2a"},"service":"blackjack-server","timestamp":1769032135}
{"betAmount":"100000000000000000000","gameId":"c27a6a09-d829-4a35-82a0-5960821b5a3c","hands":1,"level":"info","message":"Game created","playerAddress":"0xb6B3b6b3F5605B276B6347bB1cC34c3532362378","service":"blackjack-server","status":"player_turn","timestamp":"2026-01-21T21:48:55.209Z"}
{"level":"error","message":"Error handling player action: Session not found","service":"blackjack-server","stack":"Error: Session not found\n    at BlackjackGameService.handlePlayerAction (/Users/kyle/MORBlotto/server/dist/services/blackjack-game.service.js:202:23)\n    at process.processTicksAndRejections (node:internal/process/task_queues:105:5)\n    at async WebSocketService.handlePlayerAction (/Users/kyle/MORBlotto/server/dist/services/websocket.service.js:246:31)\n    at async WebSocketService.handleMessage (/Users/kyle/MORBlotto/server/dist/services/websocket.service.js:110:21)","timestamp":"2026-01-21T21:48:59.524Z"}
{"level":"error","message":"Error handling player action: Session not found","service":"blackjack-server","stack":"Error: Session not found\n    at BlackjackGameService.handlePlayerAction (/Users/kyle/MORBlotto/server/dist/services/blackjack-game.service.js:202:23)\n    at process.processTicksAndRejections (node:internal/process/task_queues:105:5)\n    at async WebSocketService.handlePlayerAction (/Users/kyle/MORBlotto/server/dist/services/websocket.service.js:246:31)\n    at async WebSocketService.handleMessage (/Users/kyle/MORBlotto/server/dist/services/websocket.service.js:110:21)","timestamp":"2026-01-21T21:48:59.525Z"}
{"connectionId":"d5c21b5e-a342-4526-9056-bf3914488574","level":"info","message":"WebSocket connection closed","service":"blackjack-server","timestamp":"2026-01-21T21:53:34.578Z"}
{"connectionId":"3c135fef-c5cf-400c-b6c8-3da7f35c48bf","level":"info","message":"WebSocket connection established","playerAddress":"0xb6B3b6b3F5605B276B6347bB1cC34c3532362378","playerId":"a5e502f9-51a5-418f-91bb-569cb9ce7e16","service":"blackjack-server","timestamp":"2026-01-21T21:53:35.392Z"}
{"level":"info","message":"Database connected successfully","service":"blackjack-server","timestamp":"2026-01-21T21:53:52.189Z"}
{"level":"info","message":"WebSocket service initialized","service":"blackjack-server","timestamp":"2026-01-21T21:53:52.193Z"}
{"level":"info","message":"Blackjack server running on port 3001","service":"blackjack-server","timestamp":"2026-01-21T21:53:52.195Z"}
{"level":"info","message":"WebSocket server initialized","service":"blackjack-server","timestamp":"2026-01-21T21:53:52.196Z"}
{"level":"info","message":"Database connected","service":"blackjack-server","timestamp":"2026-01-21T21:53:52.196Z"}
{"connectionId":"8307cc5b-266b-4631-a898-0fcfe8f2aaf9","level":"info","message":"WebSocket connection established","playerAddress":"0xb6B3b6b3F5605B276B6347bB1cC34c3532362378","playerId":"a5e502f9-51a5-418f-91bb-569cb9ce7e16","service":"blackjack-server","timestamp":"2026-01-21T21:53:56.876Z"}
{"betAmount":"100000000000000000000","gameId":"ccdae250-cd20-4dda-9b2f-1db0d869d7fa","hands":1,"level":"info","message":"Game created","playerAddress":"0xb6B3b6b3F5605B276B6347bB1cC34c3532362378","service":"blackjack-server","status":"player_turn","timestamp":"2026-01-21T21:54:08.597Z"}
{"code":"42804","file":"parse_target.c","hint":"You will need to rewrite or cast the expression.","length":190,"level":"error","line":"585","message":"Error handling player action: column \"actions\" is of type jsonb but expression is of type uuid","name":"error","position":"46","routine":"transformAssignedExpr","service":"blackjack-server","severity":"ERROR","stack":"error: column \"actions\" is of type jsonb but expression is of type uuid\n    at /Users/kyle/MORBlotto/server/node_modules/pg-pool/index.js:45:11\n    at process.processTicksAndRejections (node:internal/process/task_queues:105:5)\n    at async DatabaseService.updateGameHand (/Users/kyle/MORBlotto/server/dist/services/database.service.js:425:9)\n    at async BlackjackGameService.handleHandAction (/Users/kyle/MORBlotto/server/dist/services/blackjack-game.service.js:392:13)\n    at async WebSocketService.handlePlayerAction (/Users/kyle/MORBlotto/server/dist/services/websocket.service.js:246:31)\n    at async WebSocketService.handleMessage (/Users/kyle/MORBlotto/server/dist/services/websocket.service.js:110:21)","timestamp":"2026-01-21T21:54:11.660Z"}
